,Open,High,Low,Last,Close,VWAP,Volume,Turnover,Trades,Deliverable Volume,%Deliverble,Volume_shock,Price_shock,priceshock_wihout_volshock,Holiday
2015-01-01,1968.95,1982.0,1956.9,1971.0,1974.4,1971.34,500691.0,98703055635000.0,14908.0,258080.0,0.5154,0.0,0.0,0.0,0
2015-01-02,1972.0,2019.05,1972.0,2017.95,2013.2,2003.25,1694580.0,339466852425000.0,54166.0,1249104.0,0.7371,1.0,0.0,0.0,0
2015-01-03,0.0,0.0,0.0,0.0,0.0,0.0,0.0,0.0,0.0,0.0,0.0,0.0,0.0,0.0,1
2015-01-04,0.0,0.0,0.0,0.0,0.0,0.0,0.0,0.0,0.0,0.0,0.0,0.0,0.0,0.0,1
2015-01-05,2009.9,2030.0,1977.5,1996.0,1995.9,2004.59,2484256.0,497991093805000.0,82694.0,1830962.0,0.737,1.0,0.0,0.0,0
2015-01-06,1980.0,1985.0,1934.1,1965.1,1954.2,1954.82,2416829.0,472445845370000.0,108209.0,1772070.0,0.7332,0.0,1.0,1.0,0
2015-01-07,1965.0,1974.75,1950.0,1966.05,1963.55,1962.59,1812479.0,355716183735000.0,62463.0,1317720.0,0.7270000000000001,1.0,0.0,0.0,0
2015-01-08,1985.6,1997.0,1950.0,1979.25,1973.45,1972.78,3391230.0,669016029085000.0,92752.0,2686012.0,0.792,1.0,0.0,0.0,0
2015-01-09,1980.1,2109.0,1913.05,2075.3,2074.45,2037.69,11215832.0,2285438887015000.0,359214.0,3369489.0,0.3004,1.0,1.0,0.0,0
2015-01-10,0.0,0.0,0.0,0.0,0.0,0.0,0.0,0.0,0.0,0.0,0.0,0.0,0.0,0.0,1
2015-01-11,0.0,0.0,0.0,0.0,0.0,0.0,0.0,0.0,0.0,0.0,0.0,0.0,0.0,0.0,1
2015-01-12,2092.0,2119.2,2075.0,2112.95,2115.95,2099.4,3189722.0,669651595110000.0,107209.0,1818800.0,0.5702,1.0,0.0,0.0,0
2015-01-13,2107.8,2107.8,2075.0,2092.0,2088.9,2089.42,2200309.0,459737380695000.0,66676.0,1385009.0,0.6295000000000001,1.0,0.0,0.0,0
2015-01-14,2098.5,2133.0,2092.6,2129.0,2128.65,2110.88,2480315.0,523563759320000.0,53263.0,1832958.0,0.7390000000000001,1.0,0.0,0.0,0
2015-01-15,2135.2,2152.8,2112.25,2130.0,2134.25,2137.46,2085613.0,445791097145000.0,48882.0,1410992.0,0.6765000000000001,1.0,0.0,0.0,0
2015-01-16,2148.0,2160.0,2112.0,2115.0,2118.3,2125.77,1672740.0,355585824780000.0,63848.0,1254004.0,0.7497,1.0,0.0,0.0,0
2015-01-17,0.0,0.0,0.0,0.0,0.0,0.0,0.0,0.0,0.0,0.0,0.0,0.0,0.0,0.0,1
2015-01-18,0.0,0.0,0.0,0.0,0.0,0.0,0.0,0.0,0.0,0.0,0.0,0.0,0.0,0.0,1
2015-01-19,2120.0,2132.35,2094.6,2105.0,2102.5,2104.55,1021936.0,215071282119999.97,62963.0,673948.0,0.6595000000000001,1.0,0.0,0.0,0
2015-01-20,2107.0,2133.0,2101.45,2119.2,2124.2,2118.16,1701126.0,360325836150000.0,66871.0,1284137.0,0.7549,1.0,0.0,0.0,0
2015-01-21,2131.5,2175.95,2118.0,2172.0,2169.9,2148.41,2123727.0,456262771464999.94,82679.0,1394125.0,0.6565000000000001,1.0,1.0,0.0,0
2015-01-22,2174.8,2203.0,2161.3,2194.95,2196.45,2193.1,2489599.0,545995131760000.06,82961.0,1879561.0,0.755,1.0,0.0,0.0,0
2015-01-23,2200.0,2225.0,2165.1,2211.9,2215.05,2194.58,2371582.0,520462392289999.94,78929.0,1622130.0,0.684,0.0,0.0,0.0,0
2015-01-24,0.0,0.0,0.0,0.0,0.0,0.0,0.0,0.0,0.0,0.0,0.0,0.0,0.0,0.0,1
2015-01-25,0.0,0.0,0.0,0.0,0.0,0.0,0.0,0.0,0.0,0.0,0.0,0.0,0.0,0.0,1
2015-01-26,0.0,0.0,0.0,0.0,0.0,0.0,0.0,0.0,0.0,0.0,0.0,0.0,0.0,0.0,1
2015-01-27,2221.0,2221.0,2130.1,2137.55,2136.5,2146.45,3434992.0,737302231395000.0,117167.0,2765575.0,0.8051,1.0,1.0,0.0,0
2015-01-28,2150.0,2154.8,2130.3,2144.45,2144.55,2144.31,3283589.0,704104102410000.0,99134.0,2313485.0,0.7046,0.0,0.0,0.0,0
2015-01-29,2145.0,2149.9,2127.6,2147.8,2145.5,2141.67,3842356.0,822907640395000.0,79209.0,2797911.0,0.7282,1.0,0.0,0.0,0
2015-01-30,2161.5,2162.55,2126.95,2141.85,2141.9,2144.44,2708436.0,580806619935000.0,99180.0,2093132.0,0.7728,1.0,0.0,0.0,0
2015-01-31,0.0,0.0,0.0,0.0,0.0,0.0,0.0,0.0,0.0,0.0,0.0,0.0,0.0,0.0,1
2015-02-01,0.0,0.0,0.0,0.0,0.0,0.0,0.0,0.0,0.0,0.0,0.0,0.0,0.0,0.0,1
2015-02-02,2141.5,2152.0,2126.05,2137.0,2136.85,2142.8,2175635.0,466195784864999.94,47871.0,1641719.0,0.7545999999999999,1.0,0.0,0.0,0
2015-02-03,2136.85,2139.95,2102.0,2124.0,2120.9,2117.92,1316489.0,278821702955000.03,64490.0,821456.0,0.624,1.0,0.0,0.0,0
2015-02-04,2139.9,2150.0,2126.4,2143.8,2142.85,2142.92,1290004.0,276437832800000.0,49317.0,889211.0,0.6893000000000001,0.0,0.0,0.0,0
2015-02-05,2150.8,2220.0,2148.0,2186.0,2193.8,2189.61,2968984.0,650091182065000.0,112707.0,2025011.0,0.6820999999999999,1.0,1.0,0.0,0
2015-02-06,2205.0,2247.8,2188.5,2228.0,2230.5,2229.51,1863432.0,415453392330000.0,79072.0,1073921.0,0.5763,1.0,0.0,0.0,0
2015-02-07,0.0,0.0,0.0,0.0,0.0,0.0,0.0,0.0,0.0,0.0,0.0,0.0,0.0,0.0,1
2015-02-08,0.0,0.0,0.0,0.0,0.0,0.0,0.0,0.0,0.0,0.0,0.0,0.0,0.0,0.0,1
2015-02-09,2200.0,2254.0,2200.0,2245.0,2248.9,2238.75,1634217.0,365859728715000.0,96994.0,1074815.0,0.6577,1.0,0.0,0.0,0
2015-02-10,2243.0,2298.0,2241.0,2268.0,2278.3,2270.89,2129230.0,483524235989999.94,84805.0,1385146.0,0.6505,1.0,0.0,0.0,0
2015-02-11,2280.5,2293.2,2256.25,2287.8,2284.85,2279.82,1449243.0,330400908715000.0,58510.0,962023.0,0.6638,1.0,0.0,0.0,0
2015-02-12,2283.0,2321.95,2273.0,2309.9,2311.2,2301.63,1571884.0,361789732150000.0,66827.0,995751.0,0.6335000000000001,0.0,0.0,0.0,0
2015-02-13,2299.6,2326.7,2286.0,2294.0,2296.1,2303.89,1414379.0,325857185955000.0,46058.0,952136.0,0.6731999999999999,1.0,0.0,0.0,0
2015-02-14,0.0,0.0,0.0,0.0,0.0,0.0,0.0,0.0,0.0,0.0,0.0,0.0,0.0,0.0,1
2015-02-15,0.0,0.0,0.0,0.0,0.0,0.0,0.0,0.0,0.0,0.0,0.0,0.0,0.0,0.0,1
2015-02-16,2280.3,2306.9,2265.25,2282.0,2278.75,2282.89,1561069.0,356375125700000.0,90275.0,1066397.0,0.6831,0.0,0.0,0.0,0
2015-02-17,0.0,0.0,0.0,0.0,0.0,0.0,0.0,0.0,0.0,0.0,0.0,0.0,0.0,0.0,1
2015-02-18,2290.55,2304.95,2258.15,2292.05,2296.5,2282.33,2153441.0,491485708295000.0,64543.0,1705768.0,0.7920999999999999,1.0,0.0,0.0,0
2015-02-19,2294.0,2334.0,2292.05,2323.2,2324.7,2322.17,2418406.0,561593834135000.06,61974.0,1750981.0,0.7240000000000001,1.0,0.0,0.0,0
2015-02-20,2328.5,2336.0,2276.9,2280.5,2283.1,2298.14,1742907.0,400544131090000.0,70405.0,1271861.0,0.7297,1.0,0.0,0.0,0
2015-02-21,0.0,0.0,0.0,0.0,0.0,0.0,0.0,0.0,0.0,0.0,0.0,0.0,0.0,0.0,1
2015-02-22,0.0,0.0,0.0,0.0,0.0,0.0,0.0,0.0,0.0,0.0,0.0,0.0,0.0,0.0,1
2015-02-23,2300.0,2309.2,2248.1,2265.0,2265.6,2285.41,1272622.0,290846073495000.0,76169.0,871774.0,0.685,1.0,0.0,0.0,0
2015-02-24,2279.0,2295.95,2257.6,2270.2,2272.8,2281.14,1609419.0,367131382515000.0,65245.0,999155.0,0.6208,1.0,0.0,0.0,0
2015-02-25,2288.9,2334.8,2280.0,2314.0,2317.6,2316.82,1511243.0,350128166750000.0,60669.0,913751.0,0.6046,0.0,0.0,0.0,0
2015-02-26,2307.5,2309.0,2245.4,2259.65,2258.1,2271.59,1611444.0,366054407405000.0,80377.0,993005.0,0.6162,0.0,1.0,1.0,0
2015-02-27,2274.9,2280.65,2251.5,2268.7,2265.75,2268.66,1950269.0,442449118610000.06,74540.0,1341127.0,0.6877,1.0,0.0,0.0,0
2015-02-28,2274.75,2307.9,2256.2,2298.0,2296.45,2281.05,799334.0,182331989600000.0,35786.0,305895.0,0.38270000000000004,1.0,0.0,0.0,0
2015-03-01,0.0,0.0,0.0,0.0,0.0,0.0,0.0,0.0,0.0,0.0,0.0,0.0,0.0,0.0,1
2015-03-02,2303.0,2308.5,2278.05,2287.5,2291.7,2290.03,1760248.0,403102087600000.0,88257.0,1243988.0,0.7067,1.0,0.0,0.0,0
2015-03-03,2290.0,2302.95,2278.3,2298.0,2297.85,2293.39,1226388.0,281258706655000.03,63082.0,830415.0,0.6770999999999999,1.0,0.0,0.0,0
2015-03-04,2300.0,2313.9,2251.9,2275.0,2274.65,2286.19,1093807.0,250065273560000.0,54424.0,662741.0,0.6059,1.0,0.0,0.0,0
2015-03-05,2267.05,2298.75,2233.35,2249.0,2247.6,2257.52,1421229.0,320845538295000.0,52033.0,958567.0,0.6745,1.0,0.0,0.0,0
2015-03-06,0.0,0.0,0.0,0.0,0.0,0.0,0.0,0.0,0.0,0.0,0.0,0.0,0.0,0.0,1
2015-03-07,0.0,0.0,0.0,0.0,0.0,0.0,0.0,0.0,0.0,0.0,0.0,0.0,0.0,0.0,1
2015-03-08,0.0,0.0,0.0,0.0,0.0,0.0,0.0,0.0,0.0,0.0,0.0,0.0,0.0,0.0,1
2015-03-09,2259.0,2259.0,2179.0,2188.0,2190.05,2201.32,1996180.0,439423475839999.94,88526.0,1390422.0,0.6965000000000001,1.0,1.0,0.0,0
2015-03-10,2198.1,2206.95,2160.2,2200.0,2198.0,2197.19,1582479.0,347700116270000.0,84918.0,1117333.0,0.7061000000000001,1.0,0.0,0.0,0
2015-03-11,2194.1,2240.0,2169.1,2179.9,2182.2,2206.92,1695228.0,374123183715000.0,78278.0,1042916.0,0.6152000000000001,0.0,0.0,0.0,0
2015-03-12,2179.0,2226.45,2177.0,2215.05,2218.3,2209.4,1422141.0,314207318125000.0,53839.0,984067.0,0.6920000000000001,1.0,0.0,0.0,0
2015-03-13,2225.0,2230.0,2192.4,2220.0,2220.4,2213.76,1544921.0,342008679015000.0,70363.0,1004099.0,0.6498999999999999,0.0,0.0,0.0,0
2015-03-14,0.0,0.0,0.0,0.0,0.0,0.0,0.0,0.0,0.0,0.0,0.0,0.0,0.0,0.0,1
2015-03-15,0.0,0.0,0.0,0.0,0.0,0.0,0.0,0.0,0.0,0.0,0.0,0.0,0.0,0.0,1
2015-03-16,2210.55,2282.0,2210.55,2261.0,2266.65,2256.43,1704658.0,384644186190000.0,72855.0,1183185.0,0.6940999999999999,0.0,1.0,1.0,0
2015-03-17,2266.65,2279.5,2217.25,2245.0,2240.5,2244.71,1384828.0,310854000035000.0,61599.0,821180.0,0.593,1.0,0.0,0.0,0
2015-03-18,2254.5,2262.85,2222.55,2233.0,2229.5,2238.36,1226391.0,274509982315000.0,58126.0,802850.0,0.6546,1.0,0.0,0.0,0
2015-03-19,2234.6,2249.0,2222.75,2230.65,2230.45,2231.73,1722935.0,384513018795000.0,72890.0,1116497.0,0.648,1.0,0.0,0.0,0
2015-03-20,2241.0,2268.9,2232.95,2263.55,2257.45,2255.17,1607724.0,362569761870000.0,61559.0,1119622.0,0.6964,0.0,0.0,0.0,0
2015-03-21,0.0,0.0,0.0,0.0,0.0,0.0,0.0,0.0,0.0,0.0,0.0,0.0,0.0,0.0,1
2015-03-22,0.0,0.0,0.0,0.0,0.0,0.0,0.0,0.0,0.0,0.0,0.0,0.0,0.0,0.0,1
2015-03-23,2253.0,2275.0,2225.5,2236.0,2233.45,2244.84,1269675.0,285021785625000.0,67428.0,881631.0,0.6944,1.0,0.0,0.0,0
2015-03-24,2234.9,2253.4,2206.0,2215.2,2211.45,2224.27,1684133.0,374596578475000.0,43962.0,1219937.0,0.7244,1.0,0.0,0.0,0
2015-03-25,2222.9,2229.15,2200.75,2222.8,2219.1,2214.43,1542742.0,341629815670000.0,105633.0,1101312.0,0.7139,0.0,0.0,0.0,0
2015-03-26,2208.0,2214.9,2132.0,2163.0,2146.35,2156.88,3935210.0,848776094660000.0,131427.0,2896200.0,0.736,1.0,1.0,0.0,0
2015-03-27,2164.0,2224.7,2163.0,2202.0,2202.15,2203.42,2518555.0,554943508780000.0,72286.0,1560069.0,0.6194,1.0,1.0,0.0,0
2015-03-28,0.0,0.0,0.0,0.0,0.0,0.0,0.0,0.0,0.0,0.0,0.0,0.0,0.0,0.0,1
2015-03-29,0.0,0.0,0.0,0.0,0.0,0.0,0.0,0.0,0.0,0.0,0.0,0.0,0.0,0.0,1
2015-03-30,2205.6,2240.0,2194.9,2239.85,2228.0,2217.09,1155772.0,256245310410000.0,52162.0,767169.0,0.6638,1.0,0.0,0.0,0
2015-03-31,2245.0,2273.65,2204.35,2215.1,2218.35,2222.1,2004103.0,445331591980000.0,92432.0,1354814.0,0.6759999999999999,1.0,0.0,0.0,0
2015-04-01,2198.9,2199.5,2157.7,2171.0,2173.95,2171.15,1684622.0,365756003730000.0,90934.0,1187902.0,0.7051000000000001,1.0,1.0,0.0,0
2015-04-02,0.0,0.0,0.0,0.0,0.0,0.0,0.0,0.0,0.0,0.0,0.0,0.0,0.0,0.0,1
2015-04-03,0.0,0.0,0.0,0.0,0.0,0.0,0.0,0.0,0.0,0.0,0.0,0.0,0.0,0.0,1
2015-04-04,0.0,0.0,0.0,0.0,0.0,0.0,0.0,0.0,0.0,0.0,0.0,0.0,0.0,0.0,1
2015-04-05,0.0,0.0,0.0,0.0,0.0,0.0,0.0,0.0,0.0,0.0,0.0,0.0,0.0,0.0,1
2015-04-06,2179.0,2184.7,2160.4,2179.95,2178.2,2171.24,1935438.0,420229418565000.0,54198.0,1529651.0,0.7903,1.0,0.0,0.0,0
2015-04-07,2175.0,2182.8,2138.0,2161.0,2159.5,2160.92,2135567.0,461478625600000.0,71104.0,1610234.0,0.7540000000000001,0.0,0.0,0.0,0
2015-04-08,2182.5,2204.9,2173.05,2200.0,2200.55,2191.4,2546394.0,558017949260000.06,84366.0,2009389.0,0.7891,1.0,0.0,0.0,0
2015-04-09,2211.4,2218.9,2184.4,2212.0,2215.0,2202.96,2645387.0,582767174680000.0,65171.0,2202202.0,0.8325,0.0,0.0,0.0,0
2015-04-10,2210.2,2238.0,2210.2,2228.75,2233.95,2229.87,1780944.0,397127995735000.0,55733.0,1315996.0,0.7389,1.0,0.0,0.0,0
2015-04-11,0.0,0.0,0.0,0.0,0.0,0.0,0.0,0.0,0.0,0.0,0.0,0.0,0.0,0.0,1
2015-04-12,0.0,0.0,0.0,0.0,0.0,0.0,0.0,0.0,0.0,0.0,0.0,0.0,0.0,0.0,1
2015-04-13,2238.0,2244.0,2216.1,2231.0,2238.8,2235.7,1218084.0,272327413380000.03,44676.0,779253.0,0.6397,1.0,0.0,0.0,0
2015-04-14,0.0,0.0,0.0,0.0,0.0,0.0,0.0,0.0,0.0,0.0,0.0,0.0,0.0,0.0,1
2015-04-15,2236.5,2245.0,2195.05,2217.95,2213.7,2214.16,1559446.0,345286259690000.0,58780.0,1065709.0,0.6834,1.0,0.0,0.0,0
2015-04-16,2222.0,2231.0,2160.5,2196.9,2194.65,2183.51,2251953.0,491716480695000.0,55664.0,1280673.0,0.5687,1.0,0.0,0.0,0
2015-04-17,2180.05,2194.95,2153.45,2180.0,2179.25,2177.13,1612579.0,351078662830000.0,38470.0,1140905.0,0.7075,1.0,0.0,0.0,0
2015-04-18,0.0,0.0,0.0,0.0,0.0,0.0,0.0,0.0,0.0,0.0,0.0,0.0,0.0,0.0,1
2015-04-19,0.0,0.0,0.0,0.0,0.0,0.0,0.0,0.0,0.0,0.0,0.0,0.0,0.0,0.0,1
2015-04-20,2176.0,2180.0,2115.15,2129.5,2132.15,2130.87,3206346.0,683229866445000.0,77890.0,2286819.0,0.7132,1.0,1.0,0.0,0
2015-04-21,2148.0,2155.1,2120.1,2142.6,2142.6,2137.25,2220412.0,474557156095000.0,55322.0,1508882.0,0.6796,1.0,0.0,0.0,0
2015-04-22,2151.05,2155.0,2097.95,2137.95,2137.7,2125.66,3087746.0,656348278595000.0,95691.0,2469267.0,0.7997,1.0,0.0,0.0,0
2015-04-23,2148.7,2150.0,2112.0,2121.05,2122.0,2124.89,2972950.0,631719571855000.0,96511.0,2173821.0,0.7312000000000001,0.0,0.0,0.0,0
2015-04-24,2135.9,2150.2,1980.0,1993.0,1995.2,2070.28,10891363.0,2254813944810000.0,317809.0,4101422.0,0.3766,1.0,1.0,0.0,0
2015-04-25,0.0,0.0,0.0,0.0,0.0,0.0,0.0,0.0,0.0,0.0,0.0,0.0,0.0,0.0,1
2015-04-26,0.0,0.0,0.0,0.0,0.0,0.0,0.0,0.0,0.0,0.0,0.0,0.0,0.0,0.0,1
2015-04-27,2000.0,2002.0,1948.1,1984.85,1984.65,1972.71,4955660.0,977610199225000.0,191419.0,3423734.0,0.6909000000000001,1.0,0.0,0.0,0
2015-04-28,1982.0,1982.0,1952.0,1956.9,1960.9,1962.59,2598375.0,509953866925000.0,105935.0,1951359.0,0.751,1.0,0.0,0.0,0
2015-04-29,1960.9,1972.0,1937.95,1963.0,1961.15,1954.65,2072264.0,405055019575000.0,83132.0,1435649.0,0.6928,1.0,0.0,0.0,0
2015-04-30,1960.0,1965.0,1932.3,1943.5,1942.25,1943.45,3283565.0,638145070970000.0,97827.0,2471787.0,0.7528,1.0,0.0,0.0,0
2015-05-01,0.0,0.0,0.0,0.0,0.0,0.0,0.0,0.0,0.0,0.0,0.0,0.0,0.0,0.0,1
2015-05-02,0.0,0.0,0.0,0.0,0.0,0.0,0.0,0.0,0.0,0.0,0.0,0.0,0.0,0.0,1
2015-05-03,0.0,0.0,0.0,0.0,0.0,0.0,0.0,0.0,0.0,0.0,0.0,0.0,0.0,0.0,1
2015-05-04,1959.5,2000.0,1949.9,1992.25,1993.1,1970.92,3340398.0,658367155955000.0,112574.0,2455960.0,0.7352,0.0,1.0,1.0,0
2015-05-05,2000.0,2003.7,1952.05,1964.5,1962.75,1970.79,2352129.0,463554385095000.0,133092.0,1723835.0,0.7329000000000001,1.0,0.0,0.0,0
2015-05-06,1975.0,1975.0,1915.3,1924.0,1922.05,1931.49,2627102.0,507423399105000.0,94364.0,1893805.0,0.7209000000000001,1.0,1.0,0.0,0
2015-05-07,1922.0,1967.1,1910.0,1940.0,1944.0,1942.88,1694996.0,329317251605000.0,68774.0,920685.0,0.5432,1.0,0.0,0.0,0
2015-05-08,1958.0,1967.55,1945.25,1962.1,1957.95,1956.49,1444419.0,282599439525000.0,60514.0,1039019.0,0.7193,1.0,0.0,0.0,0
2015-05-09,0.0,0.0,0.0,0.0,0.0,0.0,0.0,0.0,0.0,0.0,0.0,0.0,0.0,0.0,1
2015-05-10,0.0,0.0,0.0,0.0,0.0,0.0,0.0,0.0,0.0,0.0,0.0,0.0,0.0,0.0,1
2015-05-11,1965.0,2000.0,1952.2,1995.95,1993.65,1980.94,1196378.0,236995575825000.0,54180.0,780920.0,0.6527,1.0,0.0,0.0,0
2015-05-12,1993.65,1994.6,1942.0,1946.9,1947.1,1954.77,2071223.0,404876318375000.0,88184.0,1594221.0,0.7697,1.0,1.0,0.0,0
2015-05-13,1951.75,1964.9,1928.5,1957.65,1956.7,1949.12,1774771.0,345924002160000.0,55815.0,1134772.0,0.6394,1.0,0.0,0.0,0
2015-05-14,1960.0,1960.8,1908.0,1935.0,1934.8,1929.44,1558461.0,300695916290000.0,82817.0,1061424.0,0.6811,1.0,0.0,0.0,0
2015-05-15,1935.0,1966.6,1932.3,1958.9,1961.75,1952.36,1297336.0,253286645440000.0,78808.0,942026.0,0.7261,1.0,0.0,0.0,0
2015-05-16,0.0,0.0,0.0,0.0,0.0,0.0,0.0,0.0,0.0,0.0,0.0,0.0,0.0,0.0,1
2015-05-17,0.0,0.0,0.0,0.0,0.0,0.0,0.0,0.0,0.0,0.0,0.0,0.0,0.0,0.0,1
2015-05-18,1970.0,1998.9,1961.6,1997.0,1993.05,1981.93,1617494.0,320576612850000.0,72296.0,1302884.0,0.8055,1.0,0.0,0.0,0
2015-05-19,1987.3,2035.7,1986.0,2022.2,2022.35,2016.44,2568019.0,517825088264999.94,73141.0,1648122.0,0.6418,1.0,0.0,0.0,0
2015-05-20,2040.0,2052.0,2033.6,2049.9,2047.3,2045.73,1470547.0,300833727910000.0,63706.0,1097201.0,0.7461,1.0,0.0,0.0,0
2015-05-21,2048.9,2061.9,2037.25,2048.0,2048.45,2046.72,2514828.0,514715555635000.06,99082.0,2145570.0,0.8532,1.0,0.0,0.0,0
2015-05-22,2044.0,2051.55,2030.1,2041.9,2046.45,2043.07,1722206.0,351858568870000.0,78526.0,1238289.0,0.7190000000000001,1.0,0.0,0.0,0
2015-05-23,0.0,0.0,0.0,0.0,0.0,0.0,0.0,0.0,0.0,0.0,0.0,0.0,0.0,0.0,1
2015-05-24,0.0,0.0,0.0,0.0,0.0,0.0,0.0,0.0,0.0,0.0,0.0,0.0,0.0,0.0,1
2015-05-25,2050.5,2056.55,2007.05,2021.0,2016.8,2029.47,1168952.0,237234816100000.0,62183.0,816181.0,0.6981999999999999,1.0,0.0,0.0,0
2015-05-26,2020.0,2031.45,2002.15,2006.0,2007.3,2015.66,991260.0,199804210225000.0,37399.0,708879.0,0.7151000000000001,1.0,0.0,0.0,0
2015-05-27,2007.0,2009.0,1955.0,1973.0,1968.5,1966.93,2113677.0,415745238025000.0,114474.0,1609349.0,0.7614000000000001,1.0,0.0,0.0,0
2015-05-28,1975.2,2032.0,1975.2,2000.0,2016.6,2000.26,2745135.0,549099690435000.06,97941.0,2013171.0,0.7334,1.0,1.0,0.0,0
2015-05-29,2004.85,2056.45,2001.0,2029.8,2023.15,2024.5,4748261.0,961286899465000.0,121421.0,3809831.0,0.8024,1.0,0.0,0.0,0
2015-05-30,0.0,0.0,0.0,0.0,0.0,0.0,0.0,0.0,0.0,0.0,0.0,0.0,0.0,0.0,1
2015-05-31,0.0,0.0,0.0,0.0,0.0,0.0,0.0,0.0,0.0,0.0,0.0,0.0,0.0,0.0,1
2015-06-01,2032.8,2064.0,2023.25,2042.0,2047.8,2048.1,1431223.0,293128491285000.0,62717.0,1029588.0,0.7194,1.0,0.0,0.0,0
2015-06-02,2048.1,2055.1,2005.0,2013.0,2008.65,2018.63,1168285.0,235833181560000.0,67384.0,793960.0,0.6796,1.0,0.0,0.0,0
2015-06-03,2018.2,2039.45,2008.0,2032.0,2020.9,2019.78,1373949.0,277506793510000.0,50402.0,824814.0,0.6003000000000001,1.0,0.0,0.0,0
2015-06-04,2030.0,2055.0,2012.6,2028.1,2028.05,2036.59,1872366.0,381325026295000.0,98562.0,1395596.0,0.7454000000000001,1.0,0.0,0.0,0
2015-06-05,2030.0,2044.0,2008.15,2011.5,2011.65,2020.89,1531447.0,309488338225000.0,61438.0,1014160.0,0.6622,1.0,0.0,0.0,0
2015-06-06,0.0,0.0,0.0,0.0,0.0,0.0,0.0,0.0,0.0,0.0,0.0,0.0,0.0,0.0,1
2015-06-07,0.0,0.0,0.0,0.0,0.0,0.0,0.0,0.0,0.0,0.0,0.0,0.0,0.0,0.0,1
2015-06-08,2020.0,2024.65,1987.0,2002.0,2000.05,2000.16,1535262.0,307076901670000.0,59889.0,1161814.0,0.7568000000000001,0.0,0.0,0.0,0
2015-06-09,2003.75,2007.65,1983.0,1990.55,1992.1,1992.62,1890435.0,376691110810000.0,81812.0,1549457.0,0.8196,1.0,0.0,0.0,0
2015-06-10,1990.0,2039.35,1985.0,2027.0,2026.5,2012.03,1596460.0,321212321375000.0,76174.0,1040342.0,0.6517000000000001,1.0,0.0,0.0,0
2015-06-11,2035.95,2044.75,1995.05,2000.0,1997.65,2010.91,2307366.0,463990673339999.94,69953.0,1541863.0,0.6681999999999999,1.0,0.0,0.0,0
2015-06-12,2005.0,2025.55,1955.5,1978.05,1975.05,1991.32,2463231.0,490508561785000.06,104931.0,1463562.0,0.5942000000000001,0.0,0.0,0.0,0
2015-06-13,0.0,0.0,0.0,0.0,0.0,0.0,0.0,0.0,0.0,0.0,0.0,0.0,0.0,0.0,1
2015-06-14,0.0,0.0,0.0,0.0,0.0,0.0,0.0,0.0,0.0,0.0,0.0,0.0,0.0,0.0,1
2015-06-15,976.95,998.8,968.0,994.0,990.45,990.17,2618213.0,259248685380000.03,84843.0,1444754.0,0.5518,0.0,1.0,1.0,0
2015-06-16,994.35,1003.0,985.0,998.0,999.35,995.31,2611722.0,259948281050000.0,75473.0,1962337.0,0.7514000000000001,0.0,0.0,0.0,0
2015-06-17,1011.0,1021.0,992.2,997.2,995.7,1002.05,3206034.0,321261521765000.0,73928.0,1703033.0,0.5312,1.0,0.0,0.0,0
2015-06-18,1005.6,1007.95,995.8,1000.05,1001.95,1001.7,1737213.0,174016342015000.0,40621.0,1143722.0,0.6584000000000001,1.0,0.0,0.0,0
2015-06-19,1010.3,1010.4,993.1,997.0,995.35,998.9,3335229.0,333155391905000.0,97129.0,2599496.0,0.7794,1.0,0.0,0.0,0
2015-06-20,0.0,0.0,0.0,0.0,0.0,0.0,0.0,0.0,0.0,0.0,0.0,0.0,0.0,0.0,1
2015-06-21,0.0,0.0,0.0,0.0,0.0,0.0,0.0,0.0,0.0,0.0,0.0,0.0,0.0,0.0,1
2015-06-22,1004.9,1028.75,997.0,1022.7,1023.85,1011.41,2855434.0,288800344665000.0,133708.0,1721657.0,0.6029,1.0,1.0,0.0,0
2015-06-23,1025.0,1027.4,998.15,1001.45,1000.4,1004.3,3476058.0,349099451745000.0,119559.0,2467215.0,0.7098000000000001,1.0,1.0,0.0,0
2015-06-24,1015.0,1015.0,991.2,995.1,995.1,1002.0,3536847.0,354393098655000.0,74881.0,2630595.0,0.7438,0.0,0.0,0.0,0
2015-06-25,999.2,1003.5,987.65,993.35,990.45,993.86,3558733.0,353689226265000.0,75358.0,2394368.0,0.6728000000000001,0.0,0.0,0.0,0
2015-06-26,999.0,1011.6,998.1,1005.9,1005.25,1005.91,2660142.0,267585460015000.0,63866.0,1712608.0,0.6437999999999999,1.0,0.0,0.0,0
2015-06-27,0.0,0.0,0.0,0.0,0.0,0.0,0.0,0.0,0.0,0.0,0.0,0.0,0.0,0.0,1
2015-06-28,0.0,0.0,0.0,0.0,0.0,0.0,0.0,0.0,0.0,0.0,0.0,0.0,0.0,0.0,1
2015-06-29,987.0,999.5,982.5,990.4,990.15,989.98,2845334.0,281682975375000.0,76492.0,2125823.0,0.7471,0.0,0.0,0.0,0
2015-06-30,990.0,993.45,980.0,987.5,984.35,986.73,3106265.0,306504732445000.0,71225.0,2281573.0,0.7345,0.0,0.0,0.0,0
2015-07-01,989.0,1005.0,986.0,998.95,997.4,995.12,3440426.0,342364767905000.0,80010.0,2461395.0,0.7154,0.0,0.0,0.0,0
2015-07-02,999.0,1001.4,985.05,988.5,988.0,989.52,2003784.0,198277763095000.0,78544.0,1336220.0,0.6668000000000001,1.0,0.0,0.0,0
2015-07-03,988.0,993.0,982.0,990.4,990.3,989.7,1347653.0,133377844309999.98,35728.0,855211.0,0.6346,1.0,0.0,0.0,0
2015-07-04,0.0,0.0,0.0,0.0,0.0,0.0,0.0,0.0,0.0,0.0,0.0,0.0,0.0,0.0,1
2015-07-05,0.0,0.0,0.0,0.0,0.0,0.0,0.0,0.0,0.0,0.0,0.0,0.0,0.0,0.0,1
2015-07-06,985.0,988.0,975.0,981.75,983.3,981.33,2152801.0,211260772290000.0,60404.0,1475832.0,0.6855,1.0,0.0,0.0,0
2015-07-07,985.0,990.0,979.0,981.0,980.5,985.0,1748709.0,172247596070000.0,58985.0,1256080.0,0.7183,1.0,0.0,0.0,0
2015-07-08,979.0,979.0,954.8,957.45,957.5,962.49,3512089.0,338033377900000.0,109474.0,2565864.0,0.7306,1.0,1.0,0.0,0
2015-07-09,957.5,966.0,934.05,940.25,938.0,942.64,4293886.0,404760915105000.0,138299.0,2935843.0,0.6837000000000001,1.0,1.0,0.0,0
2015-07-10,948.1,952.1,932.65,935.5,937.5,941.18,3705761.0,348780663935000.0,134681.0,2959698.0,0.7987000000000001,1.0,0.0,0.0,0
2015-07-11,0.0,0.0,0.0,0.0,0.0,0.0,0.0,0.0,0.0,0.0,0.0,0.0,0.0,0.0,1
2015-07-12,0.0,0.0,0.0,0.0,0.0,0.0,0.0,0.0,0.0,0.0,0.0,0.0,0.0,0.0,1
2015-07-13,941.0,955.0,934.05,950.6,950.15,945.97,3265884.0,308941655460000.0,84133.0,2399679.0,0.7348,1.0,0.0,0.0,0
2015-07-14,955.0,973.5,945.5,970.0,971.25,961.36,2683537.0,257985618215000.0,76138.0,1776741.0,0.6620999999999999,1.0,1.0,0.0,0
2015-07-15,970.0,985.95,968.0,984.45,984.0,980.66,2064783.0,202484050655000.0,74801.0,1311520.0,0.6352000000000001,1.0,0.0,0.0,0
2015-07-16,987.7,991.5,979.5,990.0,989.05,987.36,1736469.0,171451798335000.0,52615.0,995275.0,0.5732,1.0,0.0,0.0,0
2015-07-17,991.0,1004.5,989.1,999.75,1001.85,997.46,1723989.0,171961524170000.0,59447.0,1003912.0,0.5822999999999999,0.0,0.0,0.0,0
2015-07-18,0.0,0.0,0.0,0.0,0.0,0.0,0.0,0.0,0.0,0.0,0.0,0.0,0.0,0.0,1
2015-07-19,0.0,0.0,0.0,0.0,0.0,0.0,0.0,0.0,0.0,0.0,0.0,0.0,0.0,0.0,1
2015-07-20,1001.4,1010.8,987.4,997.0,1001.25,998.95,2188590.0,218628582730000.03,74145.0,1054982.0,0.48200000000000004,1.0,0.0,0.0,0
2015-07-21,1035.0,1149.0,1035.0,1116.35,1112.65,1099.62,19155056.0,2106336454809999.8,408583.0,9575992.0,0.4999,1.0,1.0,0.0,0
2015-07-22,1105.0,1112.0,1076.65,1100.0,1103.15,1100.68,6332830.0,697041369130000.0,221999.0,3840750.0,0.6065,1.0,0.0,0.0,0
2015-07-23,1103.95,1117.0,1090.0,1094.45,1098.0,1106.23,3855374.0,426491529305000.0,166660.0,2123663.0,0.5508,1.0,0.0,0.0,0
2015-07-24,1095.55,1106.45,1083.1,1088.0,1087.6,1090.71,2240151.0,244335194005000.03,100221.0,1424342.0,0.6358,1.0,0.0,0.0,0
2015-07-25,0.0,0.0,0.0,0.0,0.0,0.0,0.0,0.0,0.0,0.0,0.0,0.0,0.0,0.0,1
2015-07-26,0.0,0.0,0.0,0.0,0.0,0.0,0.0,0.0,0.0,0.0,0.0,0.0,0.0,0.0,1
2015-07-27,1086.9,1087.95,1060.45,1065.0,1065.3,1073.34,3376122.0,362372135285000.0,175039.0,2443586.0,0.7238,1.0,1.0,0.0,0
2015-07-28,1068.5,1076.0,1054.25,1066.1,1062.85,1066.58,4238301.0,452049607525000.0,150481.0,2952854.0,0.6967,1.0,0.0,0.0,0
2015-07-29,1074.0,1092.0,1065.0,1086.0,1085.4,1082.68,3535667.0,382800808100000.0,82510.0,2422852.0,0.6853,1.0,1.0,0.0,0
2015-07-30,1090.0,1090.0,1058.0,1073.85,1070.0,1077.44,5978299.0,644124372835000.0,122143.0,4349077.0,0.7275,1.0,0.0,0.0,0
2015-07-31,1078.55,1081.35,1060.0,1078.5,1077.05,1071.55,3965506.0,424922875490000.0,108976.0,2869410.0,0.7236,1.0,0.0,0.0,0
2015-08-01,0.0,0.0,0.0,0.0,0.0,0.0,0.0,0.0,0.0,0.0,0.0,0.0,0.0,0.0,1
2015-08-02,0.0,0.0,0.0,0.0,0.0,0.0,0.0,0.0,0.0,0.0,0.0,0.0,0.0,0.0,1
2015-08-03,1078.0,1092.0,1068.95,1075.0,1078.95,1078.29,3980506.0,429213908345000.0,85130.0,3021847.0,0.7592,0.0,0.0,0.0,0
2015-08-04,1078.0,1078.95,1051.0,1058.55,1057.25,1061.33,4549527.0,482854967964999.94,139666.0,3264905.0,0.7176,1.0,1.0,0.0,0
2015-08-05,1062.0,1090.0,1061.95,1086.65,1086.35,1080.81,2376738.0,256881407400000.0,70472.0,1514838.0,0.6374000000000001,1.0,1.0,0.0,0
2015-08-06,1094.0,1105.5,1077.0,1088.0,1086.95,1089.08,3619126.0,394150898625000.0,94093.0,2240358.0,0.619,1.0,0.0,0.0,0
2015-08-07,1079.5,1101.0,1078.5,1096.5,1095.6,1095.84,2494029.0,273306442560000.0,99571.0,1729315.0,0.6934,1.0,0.0,0.0,0
2015-08-08,0.0,0.0,0.0,0.0,0.0,0.0,0.0,0.0,0.0,0.0,0.0,0.0,0.0,0.0,1
2015-08-09,0.0,0.0,0.0,0.0,0.0,0.0,0.0,0.0,0.0,0.0,0.0,0.0,0.0,0.0,1
2015-08-10,1098.0,1106.35,1067.0,1091.0,1086.0,1094.07,1996377.0,218416981940000.0,55130.0,1297347.0,0.6498999999999999,1.0,0.0,0.0,0
2015-08-11,1098.8,1116.9,1095.7,1115.0,1109.15,1105.55,3787203.0,418694805945000.0,122276.0,2697765.0,0.7123,1.0,1.0,0.0,0
2015-08-12,1115.0,1149.0,1111.0,1141.0,1144.4,1137.15,5084220.0,578151194180000.0,186856.0,3807473.0,0.7489,1.0,1.0,0.0,0
2015-08-13,1147.0,1166.85,1055.55,1155.35,1158.0,1155.49,4893980.0,565492810645000.0,128074.0,3469113.0,0.7089,0.0,0.0,0.0,0
2015-08-14,1165.0,1168.7,1143.1,1148.45,1149.25,1157.9,2554533.0,295789257695000.0,87830.0,1592415.0,0.6234000000000001,1.0,0.0,0.0,0
2015-08-15,0.0,0.0,0.0,0.0,0.0,0.0,0.0,0.0,0.0,0.0,0.0,0.0,0.0,0.0,1
2015-08-16,0.0,0.0,0.0,0.0,0.0,0.0,0.0,0.0,0.0,0.0,0.0,0.0,0.0,0.0,1
2015-08-17,1150.0,1153.45,1122.5,1141.1,1142.15,1136.37,1553718.0,176559123165000.0,50967.0,678282.0,0.4366,1.0,0.0,0.0,0
2015-08-18,1150.0,1177.7,1150.0,1162.5,1164.35,1167.25,2075223.0,242230491340000.0,103875.0,918470.0,0.4426,1.0,0.0,0.0,0
2015-08-19,1170.0,1186.2,1162.8,1174.95,1175.55,1176.36,3434759.0,404051341565000.0,92901.0,2353219.0,0.6851,1.0,0.0,0.0,0
2015-08-20,1159.0,1168.5,1128.0,1140.9,1134.55,1140.09,4184557.0,477076108245000.0,100655.0,2703228.0,0.6459999999999999,1.0,1.0,0.0,0
2015-08-21,1140.9,1160.95,1117.5,1143.9,1149.9,1145.35,5411071.0,619756061655000.0,118867.0,3331403.0,0.6157,1.0,0.0,0.0,0
2015-08-22,0.0,0.0,0.0,0.0,0.0,0.0,0.0,0.0,0.0,0.0,0.0,0.0,0.0,0.0,1
2015-08-23,0.0,0.0,0.0,0.0,0.0,0.0,0.0,0.0,0.0,0.0,0.0,0.0,0.0,0.0,1
2015-08-24,1109.95,1123.0,1078.6,1088.8,1092.05,1107.29,7061342.0,781894572735000.0,161508.0,4761350.0,0.6743000000000001,1.0,1.0,0.0,0
2015-08-25,1100.0,1119.0,1044.5,1088.0,1085.65,1085.15,6867539.0,745231380985000.0,153510.0,4834585.0,0.7040000000000001,0.0,0.0,0.0,0
2015-08-26,1089.8,1097.0,1059.0,1066.25,1064.6,1077.22,5749106.0,619303324200000.0,116990.0,4076370.0,0.7090000000000001,1.0,0.0,0.0,0
2015-08-27,1088.0,1100.1,1078.05,1084.0,1082.8,1085.94,7671696.0,833097204105000.0,139887.0,5605100.0,0.7306,1.0,0.0,0.0,0
2015-08-28,1101.6,1124.9,1101.6,1114.4,1111.05,1114.78,3604410.0,401812027185000.0,92660.0,2090906.0,0.5801,1.0,1.0,0.0,0
2015-08-29,0.0,0.0,0.0,0.0,0.0,0.0,0.0,0.0,0.0,0.0,0.0,0.0,0.0,0.0,1
2015-08-30,0.0,0.0,0.0,0.0,0.0,0.0,0.0,0.0,0.0,0.0,0.0,0.0,0.0,0.0,1
2015-08-31,1134.85,1134.85,1082.5,1097.3,1094.4,1098.12,4958532.0,544504832270000.0,112811.0,3332453.0,0.6720999999999999,1.0,0.0,0.0,0
2015-09-01,1090.0,1114.6,1082.0,1086.95,1089.0,1099.86,4535775.0,498870910980000.0,144963.0,3052400.0,0.6729999999999999,0.0,0.0,0.0,0
2015-09-02,1098.0,1115.0,1090.0,1102.0,1099.45,1102.46,5585915.0,615826784715000.0,127845.0,3245263.0,0.5810000000000001,1.0,0.0,0.0,0
2015-09-03,1110.15,1112.0,1092.5,1100.3,1099.35,1100.92,4295268.0,472876410714999.94,77626.0,3197225.0,0.7444,1.0,0.0,0.0,0
2015-09-04,1103.0,1111.0,1067.0,1074.9,1073.95,1079.25,3659444.0,394945656530000.0,100163.0,2171981.0,0.5935,1.0,1.0,0.0,0
2015-09-05,0.0,0.0,0.0,0.0,0.0,0.0,0.0,0.0,0.0,0.0,0.0,0.0,0.0,0.0,1
2015-09-06,0.0,0.0,0.0,0.0,0.0,0.0,0.0,0.0,0.0,0.0,0.0,0.0,0.0,0.0,1
2015-09-07,1084.95,1085.0,1055.0,1058.2,1058.75,1065.12,2590494.0,275919435225000.0,81606.0,1495175.0,0.5772,1.0,0.0,0.0,0
2015-09-08,1062.0,1074.0,1052.3,1062.6,1058.8,1063.17,2729748.0,290217863625000.0,78414.0,1742021.0,0.6382,0.0,0.0,0.0,0
2015-09-09,1087.1,1099.6,1072.0,1087.5,1088.7,1088.69,4574332.0,498004093695000.0,116781.0,2880608.0,0.6297,1.0,1.0,0.0,0
2015-09-10,1084.9,1091.5,1061.0,1080.0,1080.45,1079.95,4181502.0,451582165975000.0,113306.0,2688024.0,0.6428,0.0,0.0,0.0,0
2015-09-11,1091.55,1106.4,1085.5,1091.9,1090.75,1095.18,4941905.0,541226589614999.94,106420.0,3503104.0,0.7089,1.0,0.0,0.0,0
2015-09-12,0.0,0.0,0.0,0.0,0.0,0.0,0.0,0.0,0.0,0.0,0.0,0.0,0.0,0.0,1
2015-09-13,0.0,0.0,0.0,0.0,0.0,0.0,0.0,0.0,0.0,0.0,0.0,0.0,0.0,0.0,1
2015-09-14,1099.0,1104.0,1082.65,1100.0,1099.75,1095.4,3278538.0,359131075845000.0,68749.0,2338742.0,0.7133,1.0,0.0,0.0,0
2015-09-15,1099.4,1103.2,1088.15,1098.0,1099.2,1098.21,2645943.0,290580386365000.0,76986.0,1691768.0,0.6394,1.0,0.0,0.0,0
2015-09-16,1108.0,1109.75,1098.3,1101.0,1101.65,1102.88,3739120.0,412379831325000.0,75566.0,2778140.0,0.743,1.0,0.0,0.0,0
2015-09-17,0.0,0.0,0.0,0.0,0.0,0.0,0.0,0.0,0.0,0.0,0.0,0.0,0.0,0.0,1
2015-09-18,1111.8,1117.9,1099.05,1101.3,1104.45,1109.16,5788438.0,642030231275000.0,99715.0,4400002.0,0.7601000000000001,1.0,0.0,0.0,0
2015-09-19,0.0,0.0,0.0,0.0,0.0,0.0,0.0,0.0,0.0,0.0,0.0,0.0,0.0,0.0,1
2015-09-20,0.0,0.0,0.0,0.0,0.0,0.0,0.0,0.0,0.0,0.0,0.0,0.0,0.0,0.0,1
2015-09-21,1100.0,1108.85,1092.5,1103.95,1104.65,1102.63,2175617.0,239889936240000.0,58851.0,1416700.0,0.6512000000000001,1.0,0.0,0.0,0
2015-09-22,1115.0,1135.95,1101.1,1104.4,1107.45,1123.16,4813493.0,540631582589999.94,125741.0,3149589.0,0.6543000000000001,1.0,0.0,0.0,0
2015-09-23,1107.45,1126.35,1097.45,1117.0,1116.25,1113.63,2379127.0,264946763855000.03,57336.0,1230658.0,0.5173,1.0,0.0,0.0,0
2015-09-24,1113.5,1152.7,1110.0,1141.25,1140.55,1138.27,6699631.0,762600504780000.0,172169.0,4696664.0,0.701,1.0,1.0,0.0,0
2015-09-25,0.0,0.0,0.0,0.0,0.0,0.0,0.0,0.0,0.0,0.0,0.0,0.0,0.0,0.0,1
2015-09-26,0.0,0.0,0.0,0.0,0.0,0.0,0.0,0.0,0.0,0.0,0.0,0.0,0.0,0.0,1
2015-09-27,0.0,0.0,0.0,0.0,0.0,0.0,0.0,0.0,0.0,0.0,0.0,0.0,0.0,0.0,1
2015-09-28,1139.95,1142.85,1101.0,1106.2,1105.55,1114.37,4894232.0,545397474464999.94,125955.0,3334033.0,0.6812,1.0,1.0,0.0,0
2015-09-29,1102.0,1133.4,1097.5,1117.0,1121.85,1119.84,4349685.0,487096673939999.94,101045.0,2368692.0,0.5446,1.0,0.0,0.0,0
2015-09-30,1134.4,1168.95,1125.95,1157.0,1161.95,1151.23,4747846.0,546584264314999.94,111323.0,3106382.0,0.6543000000000001,0.0,1.0,1.0,0
2015-10-01,1169.9,1197.75,1160.0,1173.05,1173.05,1179.45,5432197.0,640699220525000.0,141361.0,3243441.0,0.5971000000000001,1.0,0.0,0.0,0
2015-10-02,0.0,0.0,0.0,0.0,0.0,0.0,0.0,0.0,0.0,0.0,0.0,0.0,0.0,0.0,1
2015-10-03,0.0,0.0,0.0,0.0,0.0,0.0,0.0,0.0,0.0,0.0,0.0,0.0,0.0,0.0,1
2015-10-04,0.0,0.0,0.0,0.0,0.0,0.0,0.0,0.0,0.0,0.0,0.0,0.0,0.0,0.0,1
2015-10-05,1173.0,1189.35,1162.0,1181.1,1181.75,1176.75,3440880.0,404905030195000.0,124032.0,2048583.0,0.5954,1.0,0.0,0.0,0
2015-10-06,1187.05,1192.55,1148.1,1157.0,1154.6,1160.82,4355940.0,505646409130000.0,159201.0,2862268.0,0.6570999999999999,1.0,1.0,0.0,0
2015-10-07,1156.0,1168.75,1128.45,1139.0,1133.2,1147.22,4591244.0,526714609814999.94,140151.0,3368903.0,0.7338,0.0,0.0,0.0,0
2015-10-08,1136.4,1149.6,1126.05,1132.7,1132.15,1136.18,4540437.0,515874611285000.06,166680.0,3316675.0,0.7305,0.0,0.0,0.0,0
2015-10-09,1136.0,1172.9,1136.0,1170.9,1167.4,1154.34,5891069.0,680030981350000.0,172120.0,3660285.0,0.6213000000000001,1.0,1.0,0.0,0
2015-10-10,0.0,0.0,0.0,0.0,0.0,0.0,0.0,0.0,0.0,0.0,0.0,0.0,0.0,0.0,1
2015-10-11,0.0,0.0,0.0,0.0,0.0,0.0,0.0,0.0,0.0,0.0,0.0,0.0,0.0,0.0,1
2015-10-12,1199.0,1219.8,1109.0,1122.9,1122.9,1145.31,15202485.0,1741149895645000.0,347437.0,5258181.0,0.34590000000000004,1.0,1.0,0.0,0
2015-10-13,1107.45,1111.0,1085.2,1098.1,1099.4,1097.14,7663431.0,840785952585000.0,286593.0,4019557.0,0.5245000000000001,1.0,1.0,0.0,0
2015-10-14,1091.45,1115.55,1087.2,1096.0,1097.6,1104.2,4432755.0,489462906395000.0,158291.0,2478570.0,0.5590999999999999,1.0,0.0,0.0,0
2015-10-15,1099.9,1104.35,1089.1,1096.9,1097.35,1096.26,4127833.0,452518263010000.06,184169.0,2599954.0,0.6299,0.0,0.0,0.0,0
2015-10-16,1099.0,1101.4,1090.0,1093.0,1094.9,1094.85,3209496.0,351391910005000.0,74364.0,1874068.0,0.5839,1.0,0.0,0.0,0
2015-10-17,0.0,0.0,0.0,0.0,0.0,0.0,0.0,0.0,0.0,0.0,0.0,0.0,0.0,0.0,1
2015-10-18,0.0,0.0,0.0,0.0,0.0,0.0,0.0,0.0,0.0,0.0,0.0,0.0,0.0,0.0,1
2015-10-19,1102.0,1116.0,1100.5,1114.7,1111.95,1109.22,3673747.0,407498582850000.0,128555.0,2537719.0,0.6908,1.0,0.0,0.0,0
2015-10-20,1113.0,1130.0,1110.6,1126.3,1125.95,1121.86,4394155.0,492963046639999.94,101555.0,3233998.0,0.736,1.0,0.0,0.0,0
2015-10-21,1125.0,1146.85,1125.0,1137.5,1138.4,1137.86,3639049.0,414072466450000.0,89639.0,2309832.0,0.6347,1.0,0.0,0.0,0
2015-10-22,0.0,0.0,0.0,0.0,0.0,0.0,0.0,0.0,0.0,0.0,0.0,0.0,0.0,0.0,1
2015-10-23,1141.8,1153.0,1125.1,1149.0,1149.9,1141.35,3016681.0,344308080765000.0,117698.0,1806303.0,0.5988,1.0,0.0,0.0,0
2015-10-24,0.0,0.0,0.0,0.0,0.0,0.0,0.0,0.0,0.0,0.0,0.0,0.0,0.0,0.0,1
2015-10-25,0.0,0.0,0.0,0.0,0.0,0.0,0.0,0.0,0.0,0.0,0.0,0.0,0.0,0.0,1
2015-10-26,1154.0,1158.5,1143.15,1150.0,1152.15,1150.88,1597971.0,183907923750000.0,82222.0,801160.0,0.5014000000000001,1.0,0.0,0.0,0
2015-10-27,1150.0,1155.0,1144.1,1147.35,1149.4,1149.74,2631874.0,302597157335000.0,79833.0,1878077.0,0.7136,1.0,0.0,0.0,0
2015-10-28,1144.5,1158.0,1139.0,1155.1,1153.2,1147.14,2627736.0,301437847355000.0,95707.0,1841598.0,0.7008,0.0,0.0,0.0,0
2015-10-29,1153.1,1155.9,1136.05,1142.25,1145.05,1143.62,2943662.0,336642019570000.0,74479.0,2045021.0,0.6947,1.0,0.0,0.0,0
2015-10-30,1145.0,1145.0,1130.0,1132.0,1135.45,1135.02,2022338.0,229538984160000.0,57656.0,1151943.0,0.5696,1.0,0.0,0.0,0
2015-10-31,0.0,0.0,0.0,0.0,0.0,0.0,0.0,0.0,0.0,0.0,0.0,0.0,0.0,0.0,1
2015-11-01,0.0,0.0,0.0,0.0,0.0,0.0,0.0,0.0,0.0,0.0,0.0,0.0,0.0,0.0,1
2015-11-02,1130.0,1135.8,1114.1,1133.75,1131.2,1123.76,1772494.0,199185508285000.0,44108.0,806329.0,0.4549,1.0,0.0,0.0,0
2015-11-03,1133.4,1150.45,1133.4,1140.15,1145.5,1144.0,1807341.0,206759913560000.0,47225.0,962391.0,0.5325,0.0,0.0,0.0,0
2015-11-04,1150.1,1157.6,1132.3,1137.05,1136.8,1142.83,1602786.0,183171697670000.0,60740.0,917154.0,0.5722,1.0,0.0,0.0,0
2015-11-05,1142.95,1145.0,1119.4,1120.4,1122.9,1133.3,1172653.0,132896425245000.0,33057.0,545046.0,0.4648,1.0,0.0,0.0,0
2015-11-06,1123.0,1143.9,1122.9,1140.2,1138.3,1137.85,1513086.0,172166552855000.0,43442.0,893260.0,0.5904,1.0,0.0,0.0,0
2015-11-07,0.0,0.0,0.0,0.0,0.0,0.0,0.0,0.0,0.0,0.0,0.0,0.0,0.0,0.0,1
2015-11-08,0.0,0.0,0.0,0.0,0.0,0.0,0.0,0.0,0.0,0.0,0.0,0.0,0.0,0.0,1
2015-11-09,1120.0,1140.0,1115.2,1138.15,1134.6,1127.68,3062838.0,345389709065000.0,73732.0,2080780.0,0.6794,1.0,0.0,0.0,0
2015-11-10,1127.5,1127.5,1100.1,1106.0,1103.85,1114.22,2340026.0,260730646280000.03,56153.0,1618684.0,0.6917,1.0,1.0,0.0,0
2015-11-11,1118.0,1118.0,1103.0,1109.3,1107.6,1109.42,353652.0,39234810195000.0,13196.0,166222.0,0.47000000000000003,1.0,0.0,0.0,0
2015-11-12,0.0,0.0,0.0,0.0,0.0,0.0,0.0,0.0,0.0,0.0,0.0,0.0,0.0,0.0,1
2015-11-13,1099.95,1106.0,1090.0,1097.0,1100.8,1097.45,1760434.0,193199186785000.0,86653.0,1134912.0,0.6447,1.0,0.0,0.0,0
2015-11-14,0.0,0.0,0.0,0.0,0.0,0.0,0.0,0.0,0.0,0.0,0.0,0.0,0.0,0.0,1
2015-11-15,0.0,0.0,0.0,0.0,0.0,0.0,0.0,0.0,0.0,0.0,0.0,0.0,0.0,0.0,1
2015-11-16,1083.65,1094.0,1067.2,1088.0,1080.2,1081.23,3404167.0,368067258385000.0,84079.0,2089950.0,0.6139,1.0,0.0,0.0,0
2015-11-17,1080.0,1082.9,1052.0,1058.6,1061.5,1061.53,3592053.0,381308158830000.0,130125.0,2136025.0,0.5947,0.0,0.0,0.0,0
2015-11-18,1041.0,1045.15,1011.25,1020.45,1020.0,1027.76,5062626.0,520318727405000.0,163352.0,2860889.0,0.5651,1.0,1.0,0.0,0
2015-11-19,1030.25,1052.0,1023.8,1048.0,1047.8,1038.56,4269811.0,443443916650000.0,169433.0,2638720.0,0.618,1.0,1.0,0.0,0
2015-11-20,1048.0,1063.2,1042.05,1051.0,1052.4,1053.83,3041489.0,320521996790000.0,151348.0,1851747.0,0.6088,1.0,0.0,0.0,0
2015-11-21,0.0,0.0,0.0,0.0,0.0,0.0,0.0,0.0,0.0,0.0,0.0,0.0,0.0,0.0,1
2015-11-22,0.0,0.0,0.0,0.0,0.0,0.0,0.0,0.0,0.0,0.0,0.0,0.0,0.0,0.0,1
2015-11-23,1050.0,1062.4,1038.0,1052.0,1053.7,1053.76,2808175.0,295915599655000.0,90521.0,1799534.0,0.6408,0.0,0.0,0.0,0
2015-11-24,1050.0,1050.8,1037.0,1040.7,1041.15,1043.4,2162901.0,225677909644999.97,58310.0,1249010.0,0.5775,1.0,0.0,0.0,0
2015-11-25,0.0,0.0,0.0,0.0,0.0,0.0,0.0,0.0,0.0,0.0,0.0,0.0,0.0,0.0,1
2015-11-26,1040.95,1059.5,1040.05,1050.0,1052.4,1051.79,4926984.0,518213697625000.0,114757.0,3656974.0,0.7422,1.0,0.0,0.0,0
2015-11-27,1058.0,1070.0,1045.0,1066.0,1066.35,1060.99,2571239.0,272806259580000.03,69214.0,1799884.0,0.7000000000000001,1.0,0.0,0.0,0
2015-11-28,0.0,0.0,0.0,0.0,0.0,0.0,0.0,0.0,0.0,0.0,0.0,0.0,0.0,0.0,1
2015-11-29,0.0,0.0,0.0,0.0,0.0,0.0,0.0,0.0,0.0,0.0,0.0,0.0,0.0,0.0,1
2015-11-30,1070.0,1098.3,1056.2,1083.05,1087.9,1083.44,9052767.0,980815522429999.9,108763.0,5565189.0,0.6148,1.0,0.0,0.0,0
2015-12-01,1088.0,1095.0,1072.95,1075.45,1079.0,1082.42,2949275.0,319235693950000.0,76585.0,1982960.0,0.6724,1.0,0.0,0.0,0
2015-12-02,1079.95,1079.95,1059.0,1061.1,1060.7,1064.12,3198808.0,340392889080000.0,90123.0,2139233.0,0.6688,0.0,0.0,0.0,0
2015-12-03,1061.0,1064.8,1049.05,1059.0,1057.75,1056.77,2752363.0,290862405785000.0,110543.0,1838358.0,0.6679,1.0,0.0,0.0,0
2015-12-04,1049.0,1064.9,1040.1,1048.85,1049.05,1047.32,4187765.0,438592845500000.0,209805.0,3031773.0,0.7240000000000001,1.0,0.0,0.0,0
2015-12-05,0.0,0.0,0.0,0.0,0.0,0.0,0.0,0.0,0.0,0.0,0.0,0.0,0.0,0.0,1
2015-12-06,0.0,0.0,0.0,0.0,0.0,0.0,0.0,0.0,0.0,0.0,0.0,0.0,0.0,0.0,1
2015-12-07,1055.3,1059.0,1040.0,1046.0,1046.25,1048.08,2256935.0,236544828719999.97,65005.0,1441112.0,0.6385000000000001,1.0,0.0,0.0,0
2015-12-08,1045.05,1062.75,1039.3,1042.0,1044.4,1051.88,2862186.0,301068358985000.0,87394.0,1790175.0,0.6255,1.0,0.0,0.0,0
2015-12-09,1043.0,1046.95,1022.55,1024.0,1028.2,1036.19,3409127.0,353248739215000.0,85433.0,2068578.0,0.6068,1.0,0.0,0.0,0
2015-12-10,1036.6,1051.6,1030.3,1049.9,1047.35,1040.47,2793873.0,290694525415000.0,80028.0,1838589.0,0.6581,1.0,0.0,0.0,0
2015-12-11,1054.0,1061.9,1045.9,1055.65,1052.8,1052.88,2695099.0,283760686920000.0,84930.0,1623053.0,0.6022,0.0,0.0,0.0,0
2015-12-12,0.0,0.0,0.0,0.0,0.0,0.0,0.0,0.0,0.0,0.0,0.0,0.0,0.0,0.0,1
2015-12-13,0.0,0.0,0.0,0.0,0.0,0.0,0.0,0.0,0.0,0.0,0.0,0.0,0.0,0.0,1
2015-12-14,1049.5,1073.15,1048.05,1067.5,1069.5,1066.3,2408336.0,256801842930000.03,104978.0,1419333.0,0.5893,1.0,0.0,0.0,0
2015-12-15,1073.25,1079.1,1058.8,1078.5,1077.55,1071.44,2715904.0,290992602415000.0,76821.0,1951187.0,0.7184,1.0,0.0,0.0,0
2015-12-16,1083.4,1098.0,1083.4,1094.0,1095.85,1092.86,2747926.0,300309411565000.0,66894.0,1988090.0,0.7234999999999999,0.0,0.0,0.0,0
2015-12-17,1100.0,1109.8,1088.0,1105.5,1107.1,1099.83,2479391.0,272690708885000.0,87599.0,1294917.0,0.5223,1.0,0.0,0.0,0
2015-12-18,1103.4,1103.4,1079.45,1085.95,1083.15,1086.91,3609910.0,392365070280000.0,65866.0,2604590.0,0.7215,1.0,1.0,0.0,0
2015-12-19,0.0,0.0,0.0,0.0,0.0,0.0,0.0,0.0,0.0,0.0,0.0,0.0,0.0,0.0,1
2015-12-20,0.0,0.0,0.0,0.0,0.0,0.0,0.0,0.0,0.0,0.0,0.0,0.0,0.0,0.0,1
2015-12-21,1077.0,1107.4,1065.95,1107.0,1103.45,1095.68,2165506.0,237270684785000.0,61692.0,1223571.0,0.5650000000000001,1.0,0.0,0.0,0
2015-12-22,1097.45,1097.45,1080.1,1085.0,1083.75,1085.81,2054627.0,223093891419999.97,51963.0,1204818.0,0.5864,0.0,0.0,0.0,0
2015-12-23,1095.05,1102.5,1087.05,1100.0,1100.85,1097.35,1435464.0,157520022785000.0,38571.0,861318.0,0.6,1.0,0.0,0.0,0
2015-12-24,1102.05,1104.45,1090.1,1095.8,1096.35,1095.84,615027.0,67396956120000.01,20528.0,294731.0,0.4792,1.0,0.0,0.0,0
2015-12-25,0.0,0.0,0.0,0.0,0.0,0.0,0.0,0.0,0.0,0.0,0.0,0.0,0.0,0.0,1
2015-12-26,0.0,0.0,0.0,0.0,0.0,0.0,0.0,0.0,0.0,0.0,0.0,0.0,0.0,0.0,1
2015-12-27,0.0,0.0,0.0,0.0,0.0,0.0,0.0,0.0,0.0,0.0,0.0,0.0,0.0,0.0,1
2015-12-28,1090.0,1110.0,1090.0,1103.8,1104.75,1105.51,2763476.0,305504603475000.0,51103.0,1880078.0,0.6803,1.0,0.0,0.0,0
2015-12-29,1101.25,1110.0,1097.3,1103.0,1104.7,1104.14,1672531.0,184670611235000.0,52409.0,967577.0,0.5785,1.0,0.0,0.0,0
2015-12-30,1101.1,1106.6,1083.0,1088.0,1086.3,1094.45,2576985.0,282038007565000.0,65379.0,1754378.0,0.6808,1.0,0.0,0.0,0
2015-12-31,1090.15,1109.95,1087.0,1107.0,1105.4,1102.09,3971969.0,437746743610000.06,75143.0,2641827.0,0.6651,1.0,0.0,0.0,0
2016-01-01,1100.0,1108.95,1093.2,1103.0,1105.25,1103.13,903275.0,99643325865000.0,18982.0,331554.0,0.36710000000000004,1.0,0.0,0.0,0
2016-01-02,0.0,0.0,0.0,0.0,0.0,0.0,0.0,0.0,0.0,0.0,0.0,0.0,0.0,0.0,1
2016-01-03,0.0,0.0,0.0,0.0,0.0,0.0,0.0,0.0,0.0,0.0,0.0,0.0,0.0,0.0,1
2016-01-04,1099.95,1102.45,1076.05,1078.5,1078.9,1087.82,1987681.0,216223078375000.0,53877.0,1247329.0,0.6275000000000001,1.0,1.0,0.0,0
2016-01-05,1085.5,1085.5,1062.25,1073.0,1074.05,1073.17,2474893.0,265597546075000.0,62085.0,1566206.0,0.6328,1.0,0.0,0.0,0
2016-01-06,1074.65,1074.65,1058.9,1068.5,1069.35,1067.55,2794164.0,298291023780000.0,76128.0,1985200.0,0.7105,1.0,0.0,0.0,0
2016-01-07,1060.05,1067.9,1047.9,1052.55,1050.8,1057.5,2647044.0,279925572040000.0,79845.0,1650344.0,0.6235,0.0,0.0,0.0,0
2016-01-08,1061.5,1067.4,1055.5,1064.65,1063.3,1061.56,1578358.0,167552198635000.0,47934.0,847886.0,0.5372,1.0,0.0,0.0,0
2016-01-09,0.0,0.0,0.0,0.0,0.0,0.0,0.0,0.0,0.0,0.0,0.0,0.0,0.0,0.0,1
2016-01-10,0.0,0.0,0.0,0.0,0.0,0.0,0.0,0.0,0.0,0.0,0.0,0.0,0.0,0.0,1
2016-01-11,1056.3,1069.95,1052.1,1054.5,1055.7,1057.72,2680311.0,283501945130000.0,66784.0,1635209.0,0.6101,1.0,0.0,0.0,0
2016-01-12,1062.0,1062.95,1030.85,1048.05,1049.95,1046.58,3282606.0,343550012205000.0,95213.0,2327621.0,0.7091,1.0,0.0,0.0,0
2016-01-13,1057.0,1091.0,1048.1,1081.05,1083.4,1073.58,4375647.0,469762603820000.0,82289.0,2136586.0,0.4883,1.0,1.0,0.0,0
2016-01-14,1066.0,1155.0,1054.35,1137.5,1133.0,1128.78,15113503.0,1705982743660000.0,335583.0,5601848.0,0.37070000000000003,1.0,1.0,0.0,0
2016-01-15,1148.0,1164.0,1137.55,1140.0,1139.9,1147.83,6518307.0,748193716295000.0,168749.0,3790529.0,0.5815,1.0,0.0,0.0,0
2016-01-16,0.0,0.0,0.0,0.0,0.0,0.0,0.0,0.0,0.0,0.0,0.0,0.0,0.0,0.0,1
2016-01-17,0.0,0.0,0.0,0.0,0.0,0.0,0.0,0.0,0.0,0.0,0.0,0.0,0.0,0.0,1
2016-01-18,1139.9,1162.1,1128.35,1129.6,1131.9,1144.54,5033306.0,576083330525000.0,124462.0,3285743.0,0.6528,1.0,0.0,0.0,0
2016-01-19,1135.0,1158.95,1128.55,1140.25,1139.65,1143.19,3750218.0,428722545985000.0,131724.0,2249627.0,0.5999,1.0,0.0,0.0,0
2016-01-20,1134.0,1160.0,1117.0,1120.75,1121.25,1127.86,3753999.0,423399610255000.0,106567.0,2197144.0,0.5853,0.0,0.0,0.0,0
2016-01-21,1135.0,1142.5,1122.0,1139.65,1137.05,1133.26,3371500.0,382077462370000.0,107775.0,2004650.0,0.5946,1.0,0.0,0.0,0
2016-01-22,1148.1,1152.5,1131.0,1140.0,1136.25,1139.49,3218009.0,366687962835000.0,106108.0,2176678.0,0.6764,0.0,0.0,0.0,0
2016-01-23,0.0,0.0,0.0,0.0,0.0,0.0,0.0,0.0,0.0,0.0,0.0,0.0,0.0,0.0,1
2016-01-24,0.0,0.0,0.0,0.0,0.0,0.0,0.0,0.0,0.0,0.0,0.0,0.0,0.0,0.0,1
2016-01-25,1140.25,1146.85,1124.55,1141.0,1137.65,1136.23,2289631.0,260155183519999.97,78546.0,1529972.0,0.6681999999999999,1.0,0.0,0.0,0
2016-01-26,0.0,0.0,0.0,0.0,0.0,0.0,0.0,0.0,0.0,0.0,0.0,0.0,0.0,0.0,1
2016-01-27,1146.45,1149.6,1135.0,1135.35,1138.5,1141.44,3485981.0,397904170830000.0,79129.0,2274278.0,0.6524,1.0,0.0,0.0,0
2016-01-28,1136.0,1142.6,1126.2,1129.1,1129.6,1131.59,3894299.0,440676453114999.94,67003.0,3016965.0,0.7747,1.0,0.0,0.0,0
2016-01-29,1138.0,1170.0,1131.6,1166.0,1164.9,1155.59,5116054.0,591206447580000.0,105694.0,3658298.0,0.7151000000000001,1.0,1.0,0.0,0
2016-01-30,0.0,0.0,0.0,0.0,0.0,0.0,0.0,0.0,0.0,0.0,0.0,0.0,0.0,0.0,1
2016-01-31,0.0,0.0,0.0,0.0,0.0,0.0,0.0,0.0,0.0,0.0,0.0,0.0,0.0,0.0,1
2016-02-01,1170.0,1179.9,1161.6,1171.5,1173.35,1171.18,2125563.0,248941775990000.0,69859.0,1159429.0,0.5455,1.0,0.0,0.0,0
2016-02-02,1176.85,1190.0,1164.0,1168.4,1175.55,1181.63,3816351.0,450951150164999.94,87845.0,2430012.0,0.6367,1.0,0.0,0.0,0
2016-02-03,1167.8,1175.9,1152.75,1158.9,1157.7,1163.28,2622983.0,305125778030000.0,64989.0,1613649.0,0.6152000000000001,1.0,0.0,0.0,0
2016-02-04,1160.05,1194.95,1160.05,1179.3,1179.75,1181.37,2774673.0,327791930165000.0,68846.0,1524604.0,0.5495,0.0,0.0,0.0,0
2016-02-05,1175.5,1186.65,1171.85,1176.85,1174.7,1178.61,1992112.0,234791640580000.03,72608.0,1221680.0,0.6133,1.0,0.0,0.0,0
2016-02-06,0.0,0.0,0.0,0.0,0.0,0.0,0.0,0.0,0.0,0.0,0.0,0.0,0.0,0.0,1
2016-02-07,0.0,0.0,0.0,0.0,0.0,0.0,0.0,0.0,0.0,0.0,0.0,0.0,0.0,0.0,1
2016-02-08,1163.75,1172.2,1143.8,1145.85,1150.8,1159.26,2110522.0,244663595994999.97,58432.0,1435924.0,0.6804000000000001,0.0,1.0,1.0,0
2016-02-09,1128.3,1128.3,1093.5,1107.5,1107.65,1107.11,3789786.0,419570909440000.0,110917.0,2447506.0,0.6458,1.0,1.0,0.0,0
2016-02-10,1108.0,1127.5,1105.0,1106.1,1108.55,1115.31,2933027.0,327124882910000.0,95356.0,1678192.0,0.5722,1.0,0.0,0.0,0
2016-02-11,1111.0,1113.0,1071.15,1078.8,1078.65,1089.29,2607189.0,283998798455000.0,93260.0,1525023.0,0.5849000000000001,1.0,1.0,0.0,0
2016-02-12,1094.7,1104.4,1067.0,1084.75,1084.65,1083.79,3704048.0,401440921780000.0,112945.0,2195228.0,0.5927,1.0,0.0,0.0,0
2016-02-13,0.0,0.0,0.0,0.0,0.0,0.0,0.0,0.0,0.0,0.0,0.0,0.0,0.0,0.0,1
2016-02-14,0.0,0.0,0.0,0.0,0.0,0.0,0.0,0.0,0.0,0.0,0.0,0.0,0.0,0.0,1
2016-02-15,1096.25,1100.2,1086.6,1089.0,1091.75,1091.38,2546739.0,277945726369999.97,107866.0,1662965.0,0.653,1.0,0.0,0.0,0
2016-02-16,1087.0,1092.75,1073.7,1081.2,1079.15,1081.53,2562724.0,277167174490000.0,92796.0,1599118.0,0.624,0.0,0.0,0.0,0
2016-02-17,1081.75,1103.0,1077.0,1095.0,1097.85,1089.23,2082299.0,226810457665000.0,79410.0,1221857.0,0.5868,1.0,0.0,0.0,0
2016-02-18,1100.0,1127.0,1100.0,1121.3,1123.4,1115.43,2094536.0,233631781275000.0,70844.0,1322322.0,0.6313000000000001,0.0,1.0,1.0,0
2016-02-19,1119.2,1134.2,1113.85,1123.45,1127.25,1125.72,1987009.0,223682527194999.97,85227.0,1299849.0,0.6542,0.0,0.0,0.0,0
2016-02-20,0.0,0.0,0.0,0.0,0.0,0.0,0.0,0.0,0.0,0.0,0.0,0.0,0.0,0.0,1
2016-02-21,0.0,0.0,0.0,0.0,0.0,0.0,0.0,0.0,0.0,0.0,0.0,0.0,0.0,0.0,1
2016-02-22,1131.0,1133.95,1114.05,1126.0,1126.65,1126.83,1928505.0,217309298975000.0,71684.0,1202192.0,0.6234000000000001,0.0,0.0,0.0,0
2016-02-23,1130.25,1132.5,1116.05,1123.0,1123.9,1124.64,1250980.0,140689596565000.02,78553.0,662922.0,0.5299,1.0,0.0,0.0,0
2016-02-24,1119.5,1143.75,1118.35,1125.0,1125.35,1132.34,2475357.0,280293716025000.0,92342.0,1604525.0,0.6482,1.0,0.0,0.0,0
2016-02-25,1125.4,1130.6,1101.1,1115.9,1110.3,1112.14,2242264.0,249370976125000.0,102958.0,1444125.0,0.644,1.0,0.0,0.0,0
2016-02-26,1120.15,1132.0,1116.0,1122.1,1121.15,1121.6,2117818.0,237533706360000.0,114603.0,1397368.0,0.6598,0.0,0.0,0.0,0
2016-02-27,0.0,0.0,0.0,0.0,0.0,0.0,0.0,0.0,0.0,0.0,0.0,0.0,0.0,0.0,1
2016-02-28,0.0,0.0,0.0,0.0,0.0,0.0,0.0,0.0,0.0,0.0,0.0,0.0,0.0,0.0,1
2016-02-29,1129.5,1130.4,1068.3,1085.55,1084.05,1095.62,4083038.0,447346943635000.06,95756.0,2466669.0,0.6041,1.0,1.0,0.0,0
2016-03-01,1094.8,1130.3,1094.8,1128.75,1125.45,1118.92,3193077.0,357279446690000.0,99480.0,2364104.0,0.7404000000000001,1.0,1.0,0.0,0
2016-03-02,1137.05,1163.5,1125.0,1158.5,1156.0,1143.15,3607449.0,412387329205000.0,105889.0,2027082.0,0.5619,1.0,1.0,0.0,0
2016-03-03,1168.0,1192.85,1154.0,1172.0,1169.3,1173.96,2907152.0,341289236445000.0,100651.0,1689844.0,0.5813,1.0,0.0,0.0,0
2016-03-04,1175.6,1185.0,1159.1,1175.3,1170.65,1173.98,2140840.0,251330044469999.97,63895.0,1227929.0,0.5736,1.0,0.0,0.0,0
2016-03-05,0.0,0.0,0.0,0.0,0.0,0.0,0.0,0.0,0.0,0.0,0.0,0.0,0.0,0.0,1
2016-03-06,0.0,0.0,0.0,0.0,0.0,0.0,0.0,0.0,0.0,0.0,0.0,0.0,0.0,0.0,1
2016-03-07,0.0,0.0,0.0,0.0,0.0,0.0,0.0,0.0,0.0,0.0,0.0,0.0,0.0,0.0,1
2016-03-08,1163.0,1190.5,1147.4,1160.85,1163.45,1159.98,3808873.0,441821864145000.0,107108.0,2482004.0,0.6516,1.0,0.0,0.0,0
2016-03-09,1145.0,1183.75,1142.95,1177.0,1178.5,1168.24,3152891.0,368332261340000.0,89544.0,1983227.0,0.629,1.0,0.0,0.0,0
2016-03-10,1162.9,1162.9,1139.35,1142.65,1142.5,1148.72,12190508.0,1400342595120000.0,90787.0,8349472.0,0.6849,1.0,1.0,0.0,0
2016-03-11,1146.2,1155.95,1138.2,1141.0,1143.0,1148.57,2029274.0,233075584490000.0,60784.0,1051356.0,0.5181,1.0,0.0,0.0,0
2016-03-12,0.0,0.0,0.0,0.0,0.0,0.0,0.0,0.0,0.0,0.0,0.0,0.0,0.0,0.0,1
2016-03-13,0.0,0.0,0.0,0.0,0.0,0.0,0.0,0.0,0.0,0.0,0.0,0.0,0.0,0.0,1
2016-03-14,1146.0,1154.25,1138.5,1140.9,1141.2,1143.6,2087131.0,238684585105000.03,78868.0,1363995.0,0.6535,0.0,0.0,0.0,0
2016-03-15,1144.0,1154.5,1128.95,1134.6,1134.4,1139.17,3360129.0,382775599525000.0,73517.0,2365218.0,0.7039,1.0,0.0,0.0,0
2016-03-16,1141.9,1155.0,1131.55,1151.1,1152.45,1145.49,2794425.0,320098069265000.0,68267.0,1732991.0,0.6202000000000001,1.0,0.0,0.0,0
2016-03-17,1156.9,1169.75,1154.05,1157.0,1161.75,1161.7,3237311.0,376078871260000.0,99521.0,2167945.0,0.6697,1.0,0.0,0.0,0
2016-03-18,1162.8,1199.0,1162.0,1190.0,1193.4,1182.5,4238711.0,501225664775000.0,95530.0,2948553.0,0.6956,1.0,1.0,0.0,0
2016-03-19,0.0,0.0,0.0,0.0,0.0,0.0,0.0,0.0,0.0,0.0,0.0,0.0,0.0,0.0,1
2016-03-20,0.0,0.0,0.0,0.0,0.0,0.0,0.0,0.0,0.0,0.0,0.0,0.0,0.0,0.0,1
2016-03-21,1188.0,1199.0,1180.05,1192.7,1194.9,1189.83,2569196.0,305691250125000.0,85237.0,1708992.0,0.6652,1.0,0.0,0.0,0
2016-03-22,1191.25,1194.0,1172.0,1193.1,1189.95,1182.78,3548975.0,419766519055000.0,102921.0,2439886.0,0.6875,1.0,0.0,0.0,0
2016-03-23,1190.0,1210.7,1182.1,1208.8,1207.8,1195.9,3166588.0,378693785555000.0,136505.0,2319740.0,0.7326,1.0,0.0,0.0,0
2016-03-24,0.0,0.0,0.0,0.0,0.0,0.0,0.0,0.0,0.0,0.0,0.0,0.0,0.0,0.0,1
2016-03-25,0.0,0.0,0.0,0.0,0.0,0.0,0.0,0.0,0.0,0.0,0.0,0.0,0.0,0.0,1
2016-03-26,0.0,0.0,0.0,0.0,0.0,0.0,0.0,0.0,0.0,0.0,0.0,0.0,0.0,0.0,1
2016-03-27,0.0,0.0,0.0,0.0,0.0,0.0,0.0,0.0,0.0,0.0,0.0,0.0,0.0,0.0,1
2016-03-28,1232.4,1237.0,1195.75,1209.0,1204.9,1212.25,5393755.0,653859176030000.0,112913.0,3674676.0,0.6813,1.0,0.0,0.0,0
2016-03-29,1199.0,1218.9,1191.55,1195.0,1197.25,1205.49,3497678.0,421641721210000.0,91763.0,2171350.0,0.6208,1.0,0.0,0.0,0
2016-03-30,1197.6,1210.0,1195.55,1206.6,1205.95,1205.03,2878409.0,346857463115000.0,94161.0,2018979.0,0.7014,1.0,0.0,0.0,0
2016-03-31,1210.25,1229.9,1200.3,1220.0,1218.3,1215.31,8998160.0,1093551771610000.0,207681.0,5973609.0,0.6639,1.0,0.0,0.0,0
2016-04-01,1216.0,1222.2,1195.1,1207.6,1205.45,1208.16,2755714.0,332933208520000.0,97501.0,1652337.0,0.5996,1.0,0.0,0.0,0
2016-04-02,0.0,0.0,0.0,0.0,0.0,0.0,0.0,0.0,0.0,0.0,0.0,0.0,0.0,0.0,1
2016-04-03,0.0,0.0,0.0,0.0,0.0,0.0,0.0,0.0,0.0,0.0,0.0,0.0,0.0,0.0,1
2016-04-04,1213.55,1248.0,1213.55,1245.3,1243.7,1234.52,2288527.0,282523807955000.0,76941.0,1337441.0,0.5844,1.0,1.0,0.0,0
2016-04-05,1242.0,1242.3,1214.0,1218.0,1219.8,1227.4,2395358.0,294005524340000.0,72189.0,1435543.0,0.5993,0.0,0.0,0.0,0
2016-04-06,1228.0,1228.0,1196.0,1201.65,1200.7,1208.74,2465677.0,298035527720000.0,82745.0,1349608.0,0.5474,0.0,0.0,0.0,0
2016-04-07,1208.4,1208.4,1175.0,1181.0,1181.5,1183.37,2828945.0,334768144970000.0,110844.0,1694491.0,0.599,1.0,0.0,0.0,0
2016-04-08,1175.85,1177.5,1162.05,1167.25,1165.75,1169.04,2097789.0,245239280900000.0,73531.0,1183847.0,0.5643,1.0,0.0,0.0,0
2016-04-09,0.0,0.0,0.0,0.0,0.0,0.0,0.0,0.0,0.0,0.0,0.0,0.0,0.0,0.0,1
2016-04-10,0.0,0.0,0.0,0.0,0.0,0.0,0.0,0.0,0.0,0.0,0.0,0.0,0.0,0.0,1
2016-04-11,1165.8,1186.75,1151.1,1184.1,1183.9,1170.05,2884339.0,337483028465000.0,94441.0,1468873.0,0.5093,1.0,0.0,0.0,0
2016-04-12,1180.5,1194.9,1178.6,1183.0,1182.2,1185.97,2921069.0,346429312930000.0,91101.0,1996122.0,0.6834,0.0,0.0,0.0,0
2016-04-13,1194.95,1194.95,1166.35,1176.0,1172.7,1176.38,6255693.0,735908449875000.0,184136.0,4443119.0,0.7103,1.0,0.0,0.0,0
2016-04-14,0.0,0.0,0.0,0.0,0.0,0.0,0.0,0.0,0.0,0.0,0.0,0.0,0.0,0.0,1
2016-04-15,0.0,0.0,0.0,0.0,0.0,0.0,0.0,0.0,0.0,0.0,0.0,0.0,0.0,0.0,1
2016-04-16,0.0,0.0,0.0,0.0,0.0,0.0,0.0,0.0,0.0,0.0,0.0,0.0,0.0,0.0,1
2016-04-17,0.0,0.0,0.0,0.0,0.0,0.0,0.0,0.0,0.0,0.0,0.0,0.0,0.0,0.0,1
2016-04-18,1250.0,1267.9,1233.5,1237.15,1238.7,1247.17,12507995.0,1559965078585000.0,287988.0,7270261.0,0.5811999999999999,1.0,1.0,0.0,0
2016-04-19,0.0,0.0,0.0,0.0,0.0,0.0,0.0,0.0,0.0,0.0,0.0,0.0,0.0,0.0,1
2016-04-20,1244.0,1246.45,1225.8,1244.0,1243.6,1237.18,4036424.0,499380101485000.06,139599.0,2555094.0,0.633,1.0,0.0,0.0,0
2016-04-21,1251.0,1251.0,1218.1,1226.8,1226.3,1231.52,2720550.0,335040972855000.0,97218.0,1626993.0,0.598,1.0,0.0,0.0,0
2016-04-22,1226.3,1228.5,1207.0,1212.75,1211.25,1215.94,2571969.0,312736536455000.0,96983.0,1634111.0,0.6354,0.0,0.0,0.0,0
2016-04-23,0.0,0.0,0.0,0.0,0.0,0.0,0.0,0.0,0.0,0.0,0.0,0.0,0.0,0.0,1
2016-04-24,0.0,0.0,0.0,0.0,0.0,0.0,0.0,0.0,0.0,0.0,0.0,0.0,0.0,0.0,1
2016-04-25,1212.05,1224.8,1201.1,1219.25,1215.85,1211.42,2682067.0,324911270755000.0,91828.0,1673309.0,0.6239,0.0,0.0,0.0,0
2016-04-26,1215.45,1239.55,1208.6,1230.15,1232.15,1227.12,2923372.0,358731945660000.0,91684.0,1829934.0,0.626,0.0,0.0,0.0,0
2016-04-27,1229.2,1242.35,1228.55,1239.15,1240.15,1236.9,2243104.0,277449172915000.0,110848.0,1582665.0,0.7056,1.0,0.0,0.0,0
2016-04-28,1231.0,1239.6,1207.0,1210.0,1209.15,1213.55,6082584.0,738151942640000.0,136015.0,4311117.0,0.7088,1.0,1.0,0.0,0
2016-04-29,1211.45,1223.55,1205.0,1206.2,1208.1,1211.59,2518205.0,305102053180000.0,103524.0,1689412.0,0.6709,1.0,0.0,0.0,0
2016-04-30,0.0,0.0,0.0,0.0,0.0,0.0,0.0,0.0,0.0,0.0,0.0,0.0,0.0,0.0,1
2016-05-01,0.0,0.0,0.0,0.0,0.0,0.0,0.0,0.0,0.0,0.0,0.0,0.0,0.0,0.0,1
2016-05-02,1210.0,1211.15,1196.15,1199.55,1201.05,1200.96,1807625.0,217088525055000.03,50153.0,1152917.0,0.6378,1.0,0.0,0.0,0
2016-05-03,1202.75,1212.2,1171.8,1177.95,1177.8,1190.11,3412405.0,406114957225000.0,132901.0,2158470.0,0.6325000000000001,1.0,0.0,0.0,0
2016-05-04,1181.0,1193.0,1170.65,1190.0,1188.85,1182.72,2906421.0,343748434355000.0,106651.0,1940064.0,0.6675,1.0,0.0,0.0,0
2016-05-05,1195.15,1199.0,1181.1,1195.45,1192.45,1189.58,3151334.0,374875904320000.0,137968.0,2090748.0,0.6634000000000001,0.0,0.0,0.0,0
2016-05-06,1189.8,1189.8,1177.05,1179.0,1181.5,1181.92,1298360.0,153455184740000.0,54186.0,743792.0,0.5729,1.0,0.0,0.0,0
2016-05-07,0.0,0.0,0.0,0.0,0.0,0.0,0.0,0.0,0.0,0.0,0.0,0.0,0.0,0.0,1
2016-05-08,0.0,0.0,0.0,0.0,0.0,0.0,0.0,0.0,0.0,0.0,0.0,0.0,0.0,0.0,1
2016-05-09,1182.0,1201.55,1180.6,1199.85,1199.05,1192.94,2561839.0,305612420470000.0,81316.0,1718212.0,0.6707,1.0,0.0,0.0,0
2016-05-10,1202.5,1216.65,1196.6,1211.95,1212.8,1206.66,1697852.0,204873552590000.0,75786.0,1019801.0,0.6006,1.0,0.0,0.0,0
2016-05-11,1198.5,1214.7,1192.5,1204.0,1201.85,1203.69,1854944.0,223278313080000.03,64272.0,1006994.0,0.5429,0.0,0.0,0.0,0
2016-05-12,1203.9,1213.0,1196.8,1210.8,1210.0,1205.68,1703466.0,205384224515000.0,77725.0,1118347.0,0.6565000000000001,0.0,0.0,0.0,0
2016-05-13,1206.0,1210.0,1192.15,1208.0,1207.25,1202.44,2826032.0,339814190445000.0,81828.0,2104685.0,0.7447,1.0,0.0,0.0,0
2016-05-14,0.0,0.0,0.0,0.0,0.0,0.0,0.0,0.0,0.0,0.0,0.0,0.0,0.0,0.0,1
2016-05-15,0.0,0.0,0.0,0.0,0.0,0.0,0.0,0.0,0.0,0.0,0.0,0.0,0.0,0.0,1
2016-05-16,1210.2,1223.65,1205.0,1212.8,1215.0,1214.69,2266939.0,275362361410000.0,77520.0,1493929.0,0.659,1.0,0.0,0.0,0
2016-05-17,1220.0,1225.75,1208.15,1213.55,1214.25,1219.27,1898147.0,231434553060000.0,75775.0,1249282.0,0.6581999999999999,1.0,0.0,0.0,0
2016-05-18,1199.0,1214.0,1197.9,1212.0,1209.85,1204.37,2128298.0,256326047955000.03,60053.0,1398184.0,0.6569,1.0,0.0,0.0,0
2016-05-19,1210.95,1216.15,1201.0,1201.15,1205.75,1208.41,1977200.0,238925858565000.0,63251.0,1357458.0,0.6866,0.0,0.0,0.0,0
2016-05-20,1205.0,1219.5,1200.0,1200.9,1201.6,1209.24,1997274.0,241519255975000.0,72124.0,1295982.0,0.6489,0.0,0.0,0.0,0
2016-05-21,0.0,0.0,0.0,0.0,0.0,0.0,0.0,0.0,0.0,0.0,0.0,0.0,0.0,0.0,1
2016-05-22,0.0,0.0,0.0,0.0,0.0,0.0,0.0,0.0,0.0,0.0,0.0,0.0,0.0,0.0,1
2016-05-23,1203.4,1205.15,1185.0,1188.2,1188.0,1191.44,2292973.0,273193585015000.0,65785.0,1466912.0,0.6397,1.0,0.0,0.0,0
2016-05-24,1191.05,1191.75,1177.6,1190.0,1187.75,1184.79,1742530.0,206453471995000.0,85326.0,1025191.0,0.5883,1.0,0.0,0.0,0
2016-05-25,1194.1,1213.1,1194.1,1209.15,1208.65,1208.82,1928698.0,233145543969999.97,66033.0,1310424.0,0.6794,0.0,0.0,0.0,0
2016-05-26,1210.1,1239.8,1210.1,1237.9,1234.15,1227.35,3068218.0,376576859245000.0,96613.0,2359311.0,0.7690000000000001,1.0,1.0,0.0,0
2016-05-27,1231.6,1259.5,1231.6,1245.0,1247.5,1249.54,3090382.0,386155536790000.0,79330.0,2203990.0,0.7132,0.0,0.0,0.0,0
2016-05-28,0.0,0.0,0.0,0.0,0.0,0.0,0.0,0.0,0.0,0.0,0.0,0.0,0.0,0.0,1
2016-05-29,0.0,0.0,0.0,0.0,0.0,0.0,0.0,0.0,0.0,0.0,0.0,0.0,0.0,0.0,1
2016-05-30,1241.5,1272.0,1241.5,1267.0,1267.6,1267.25,2642850.0,334915936845000.0,92600.0,1938752.0,0.7336,1.0,0.0,0.0,0
2016-05-31,1265.0,1266.75,1239.0,1250.85,1248.65,1248.07,6891019.0,860049143854999.9,125656.0,5308966.0,0.7704000000000001,1.0,0.0,0.0,0
2016-06-01,1246.05,1268.5,1246.0,1256.0,1258.2,1258.82,2420267.0,304667270020000.0,72781.0,1589552.0,0.6568,1.0,0.0,0.0,0
2016-06-02,1255.0,1274.9,1254.0,1260.5,1261.55,1264.53,2526776.0,319517870285000.0,105567.0,1657794.0,0.6561,0.0,0.0,0.0,0
2016-06-03,1260.05,1279.3,1260.05,1267.0,1266.9,1271.43,1999190.0,254182247730000.03,70963.0,1395872.0,0.6981999999999999,1.0,0.0,0.0,0
2016-06-04,0.0,0.0,0.0,0.0,0.0,0.0,0.0,0.0,0.0,0.0,0.0,0.0,0.0,0.0,1
2016-06-05,0.0,0.0,0.0,0.0,0.0,0.0,0.0,0.0,0.0,0.0,0.0,0.0,0.0,0.0,1
2016-06-06,1264.9,1277.0,1261.1,1267.25,1266.75,1269.53,2112884.0,268236214085000.0,77880.0,1515515.0,0.7173,0.0,0.0,0.0,0
2016-06-07,1267.0,1272.5,1255.1,1256.0,1257.4,1263.86,2846210.0,359719932875000.0,74826.0,2314800.0,0.8133,1.0,0.0,0.0,0
2016-06-08,1263.95,1263.95,1235.35,1237.0,1238.1,1242.8,4370685.0,543189269945000.0,113032.0,3499200.0,0.8006000000000001,1.0,0.0,0.0,0
2016-06-09,1226.25,1226.25,1180.05,1187.0,1185.5,1191.98,6370402.0,759338145355000.0,169983.0,4372019.0,0.6863,1.0,1.0,0.0,0
2016-06-10,1175.4,1190.0,1170.1,1181.0,1180.6,1180.3,3191978.0,376748248075000.0,112385.0,1832979.0,0.5742,1.0,0.0,0.0,0
2016-06-11,0.0,0.0,0.0,0.0,0.0,0.0,0.0,0.0,0.0,0.0,0.0,0.0,0.0,0.0,1
2016-06-12,0.0,0.0,0.0,0.0,0.0,0.0,0.0,0.0,0.0,0.0,0.0,0.0,0.0,0.0,1
2016-06-13,1176.8,1184.9,1166.0,1180.0,1180.9,1176.48,2643361.0,310985538285000.0,92827.0,1839218.0,0.6958,1.0,0.0,0.0,0
2016-06-14,1182.4,1182.4,1167.25,1176.0,1175.0,1173.27,1470364.0,172513628995000.0,76094.0,789615.0,0.537,1.0,0.0,0.0,0
2016-06-15,1183.7,1192.65,1179.05,1189.55,1189.95,1184.11,3355786.0,397361080460000.0,97170.0,2729841.0,0.8135,1.0,0.0,0.0,0
2016-06-16,1189.5,1189.5,1170.1,1186.3,1186.0,1179.61,2651282.0,312747704930000.0,96066.0,1894154.0,0.7144,1.0,0.0,0.0,0
2016-06-17,1189.0,1192.75,1175.1,1179.45,1179.5,1179.51,4257541.0,502182842125000.0,84979.0,3232375.0,0.7592,1.0,0.0,0.0,0
2016-06-18,0.0,0.0,0.0,0.0,0.0,0.0,0.0,0.0,0.0,0.0,0.0,0.0,0.0,0.0,1
2016-06-19,0.0,0.0,0.0,0.0,0.0,0.0,0.0,0.0,0.0,0.0,0.0,0.0,0.0,0.0,1
2016-06-20,1181.0,1211.8,1179.7,1207.0,1208.75,1199.39,3114783.0,373584775355000.0,84105.0,2081632.0,0.6683,1.0,1.0,0.0,0
2016-06-21,1211.2,1214.8,1195.65,1206.5,1206.1,1204.61,2380862.0,286801385120000.0,57770.0,1616360.0,0.6789000000000001,1.0,0.0,0.0,0
2016-06-22,1204.0,1211.95,1188.15,1197.35,1199.5,1199.49,1515629.0,181798876865000.0,52549.0,1015538.0,0.67,1.0,0.0,0.0,0
2016-06-23,1197.3,1214.85,1193.35,1210.75,1211.6,1203.62,1914313.0,230410563450000.0,102672.0,1323086.0,0.6912,1.0,0.0,0.0,0
2016-06-24,1188.0,1199.0,1160.0,1191.2,1194.55,1187.02,3904174.0,463432265605000.0,80878.0,2621701.0,0.6715000000000001,1.0,0.0,0.0,0
2016-06-25,0.0,0.0,0.0,0.0,0.0,0.0,0.0,0.0,0.0,0.0,0.0,0.0,0.0,0.0,1
2016-06-26,0.0,0.0,0.0,0.0,0.0,0.0,0.0,0.0,0.0,0.0,0.0,0.0,0.0,0.0,1
2016-06-27,1172.05,1183.2,1160.0,1165.05,1166.2,1170.54,2791889.0,326802732415000.0,95815.0,1918370.0,0.6870999999999999,1.0,1.0,0.0,0
2016-06-28,1162.8,1172.5,1155.1,1158.95,1159.15,1161.08,3827987.0,444458623930000.0,140277.0,2706114.0,0.7069,1.0,0.0,0.0,0
2016-06-29,1169.0,1179.9,1160.2,1177.0,1176.85,1169.63,2729575.0,319259435345000.0,91172.0,1881552.0,0.6893000000000001,1.0,0.0,0.0,0
2016-06-30,1180.5,1184.5,1167.95,1171.9,1170.8,1173.73,4673112.0,548498171900000.0,117143.0,3365862.0,0.7203,1.0,0.0,0.0,0
2016-07-01,1180.0,1180.0,1170.1,1171.05,1172.4,1174.4,1995956.0,234404264450000.0,83613.0,1349474.0,0.6761,1.0,0.0,0.0,0
2016-07-02,0.0,0.0,0.0,0.0,0.0,0.0,0.0,0.0,0.0,0.0,0.0,0.0,0.0,0.0,1
2016-07-03,0.0,0.0,0.0,0.0,0.0,0.0,0.0,0.0,0.0,0.0,0.0,0.0,0.0,0.0,1
2016-07-04,1176.2,1194.6,1176.2,1185.0,1183.95,1186.25,2690661.0,319179227485000.0,97976.0,1883547.0,0.7000000000000001,1.0,0.0,0.0,0
2016-07-05,1185.0,1187.5,1171.05,1174.0,1175.45,1176.77,1798208.0,211608401795000.0,61330.0,1243480.0,0.6915000000000001,1.0,0.0,0.0,0
2016-07-06,0.0,0.0,0.0,0.0,0.0,0.0,0.0,0.0,0.0,0.0,0.0,0.0,0.0,0.0,1
2016-07-07,1168.7,1171.0,1155.0,1160.0,1157.25,1159.93,2977438.0,345363186030000.0,131833.0,2162386.0,0.7263,1.0,0.0,0.0,0
2016-07-08,1163.0,1167.0,1153.5,1161.95,1158.2,1161.28,2775824.0,322352090280000.0,123336.0,1961216.0,0.7065,0.0,0.0,0.0,0
2016-07-09,0.0,0.0,0.0,0.0,0.0,0.0,0.0,0.0,0.0,0.0,0.0,0.0,0.0,0.0,1
2016-07-10,0.0,0.0,0.0,0.0,0.0,0.0,0.0,0.0,0.0,0.0,0.0,0.0,0.0,0.0,1
2016-07-11,1167.4,1178.7,1160.0,1173.75,1175.05,1169.68,3334441.0,390024264400000.0,97975.0,2357850.0,0.7071,1.0,0.0,0.0,0
2016-07-12,1180.0,1180.35,1168.0,1176.0,1176.55,1174.18,3098684.0,363840371090000.0,90016.0,2373310.0,0.7659,0.0,0.0,0.0,0
2016-07-13,1180.0,1195.8,1175.2,1192.3,1193.8,1186.15,2637710.0,312872724560000.0,73207.0,1749653.0,0.6633,1.0,0.0,0.0,0
2016-07-14,1195.0,1196.05,1164.0,1177.65,1176.25,1179.62,3706664.0,437243989720000.0,102739.0,2124160.0,0.5731,1.0,0.0,0.0,0
2016-07-15,1189.5,1189.9,1052.0,1070.8,1072.55,1085.37,30742063.0,3336659109785000.0,707440.0,16865349.0,0.5486,1.0,1.0,0.0,0
2016-07-16,0.0,0.0,0.0,0.0,0.0,0.0,0.0,0.0,0.0,0.0,0.0,0.0,0.0,0.0,1
2016-07-17,0.0,0.0,0.0,0.0,0.0,0.0,0.0,0.0,0.0,0.0,0.0,0.0,0.0,0.0,1
2016-07-18,1077.25,1084.9,1055.15,1081.0,1081.95,1072.0,7166412.0,768236181205000.0,240953.0,3765678.0,0.5255,1.0,0.0,0.0,0
2016-07-19,1088.6,1090.0,1074.1,1088.0,1086.95,1082.75,5202322.0,563280159895000.0,178219.0,3912904.0,0.7521,1.0,0.0,0.0,0
2016-07-20,1070.0,1089.9,1070.0,1083.5,1083.1,1081.83,4911448.0,531336952870000.0,104095.0,3748211.0,0.7632,0.0,0.0,0.0,0
2016-07-21,1079.0,1087.2,1075.6,1080.1,1079.9,1079.65,4334001.0,467919373050000.0,130542.0,3410877.0,0.787,1.0,0.0,0.0,0
2016-07-22,1070.0,1079.9,1066.7,1074.5,1072.45,1070.52,4693269.0,502424465610000.06,93296.0,3540180.0,0.7543000000000001,0.0,0.0,0.0,0
2016-07-23,0.0,0.0,0.0,0.0,0.0,0.0,0.0,0.0,0.0,0.0,0.0,0.0,0.0,0.0,1
2016-07-24,0.0,0.0,0.0,0.0,0.0,0.0,0.0,0.0,0.0,0.0,0.0,0.0,0.0,0.0,1
2016-07-25,1063.0,1083.25,1063.0,1079.4,1080.85,1075.57,4234776.0,455480217935000.06,97327.0,3134896.0,0.7403000000000001,1.0,0.0,0.0,0
2016-07-26,1070.35,1089.9,1070.35,1086.05,1088.7,1085.65,3594805.0,390269485950000.0,60846.0,2779791.0,0.7733,1.0,0.0,0.0,0
2016-07-27,1084.7,1096.5,1078.55,1084.0,1085.35,1085.13,3715910.0,403222960595000.0,65130.0,2545863.0,0.6851,0.0,0.0,0.0,0
2016-07-28,1085.4,1086.95,1074.05,1077.0,1077.5,1078.63,5629281.0,607191246530000.0,84046.0,4011003.0,0.7125,1.0,0.0,0.0,0
2016-07-29,1072.6,1076.75,1066.5,1075.0,1073.85,1073.14,4078392.0,437668790780000.0,96309.0,3242921.0,0.7951,1.0,0.0,0.0,0
2016-07-30,0.0,0.0,0.0,0.0,0.0,0.0,0.0,0.0,0.0,0.0,0.0,0.0,0.0,0.0,1
2016-07-31,0.0,0.0,0.0,0.0,0.0,0.0,0.0,0.0,0.0,0.0,0.0,0.0,0.0,0.0,1
2016-08-01,1071.5,1087.85,1068.35,1086.0,1085.25,1078.19,4548331.0,490396386539999.94,84226.0,3334677.0,0.7332,1.0,0.0,0.0,0
2016-08-02,1079.9,1085.0,1075.0,1085.0,1083.8,1079.83,3411251.0,368356172700000.0,74776.0,2617201.0,0.7672,1.0,0.0,0.0,0
2016-08-03,1085.65,1086.5,1070.3,1085.0,1084.9,1078.92,3606730.0,389137360120000.0,93756.0,2647344.0,0.7340000000000001,0.0,0.0,0.0,0
2016-08-04,1086.4,1086.9,1070.05,1071.45,1071.8,1074.9,2118639.0,227733156730000.03,64592.0,1505266.0,0.7105,1.0,0.0,0.0,0
2016-08-05,1072.0,1073.45,1060.0,1065.05,1068.0,1066.86,2804984.0,299253428590000.0,98969.0,1697874.0,0.6053000000000001,1.0,0.0,0.0,0
2016-08-06,0.0,0.0,0.0,0.0,0.0,0.0,0.0,0.0,0.0,0.0,0.0,0.0,0.0,0.0,1
2016-08-07,0.0,0.0,0.0,0.0,0.0,0.0,0.0,0.0,0.0,0.0,0.0,0.0,0.0,0.0,1
2016-08-08,1069.0,1081.0,1062.55,1074.4,1078.7,1074.88,2321532.0,249537457965000.0,86035.0,1538673.0,0.6628000000000001,1.0,0.0,0.0,0
2016-08-09,1077.0,1084.5,1071.5,1080.4,1083.4,1079.81,3596332.0,388336557975000.0,79692.0,2669754.0,0.7424,1.0,0.0,0.0,0
2016-08-10,1076.0,1087.9,1075.2,1079.95,1082.35,1080.96,2788227.0,301396817890000.0,72781.0,2075895.0,0.7445,1.0,0.0,0.0,0
2016-08-11,1081.7,1095.0,1075.25,1078.75,1077.35,1081.51,2519276.0,272463399465000.0,68282.0,1777921.0,0.7057,1.0,0.0,0.0,0
2016-08-12,1075.05,1078.8,1060.0,1061.6,1062.55,1069.52,3724964.0,398391135455000.0,116371.0,3085743.0,0.8284,1.0,0.0,0.0,0
2016-08-13,0.0,0.0,0.0,0.0,0.0,0.0,0.0,0.0,0.0,0.0,0.0,0.0,0.0,0.0,1
2016-08-14,0.0,0.0,0.0,0.0,0.0,0.0,0.0,0.0,0.0,0.0,0.0,0.0,0.0,0.0,1
2016-08-15,0.0,0.0,0.0,0.0,0.0,0.0,0.0,0.0,0.0,0.0,0.0,0.0,0.0,0.0,1
2016-08-16,1042.0,1058.05,1028.0,1052.2,1051.8,1046.71,8214704.0,859837485195000.1,177774.0,5903358.0,0.7186,1.0,0.0,0.0,0
2016-08-17,1049.95,1052.65,1030.5,1034.4,1033.3,1037.78,3299658.0,342433472410000.0,134252.0,2205748.0,0.6685,1.0,0.0,0.0,0
2016-08-18,1036.5,1039.1,1021.5,1023.0,1023.4,1028.77,4217000.0,433834357535000.06,113563.0,3276027.0,0.7769,1.0,0.0,0.0,0
2016-08-19,1030.0,1039.0,1018.45,1022.15,1021.3,1026.81,2843008.0,291922219520000.0,132229.0,1815522.0,0.6386000000000001,1.0,0.0,0.0,0
2016-08-20,0.0,0.0,0.0,0.0,0.0,0.0,0.0,0.0,0.0,0.0,0.0,0.0,0.0,0.0,1
2016-08-21,0.0,0.0,0.0,0.0,0.0,0.0,0.0,0.0,0.0,0.0,0.0,0.0,0.0,0.0,1
2016-08-22,1018.0,1030.0,1009.1,1015.9,1015.45,1014.33,5126759.0,520020061585000.06,184159.0,3990981.0,0.7785,1.0,0.0,0.0,0
2016-08-23,1020.1,1042.0,1020.1,1039.95,1039.65,1033.85,3703069.0,382842261450000.0,135014.0,2009540.0,0.5427000000000001,1.0,1.0,0.0,0
2016-08-24,1047.0,1062.05,1047.0,1055.15,1057.4,1056.0,3064983.0,323663396430000.0,118286.0,1918920.0,0.6261,1.0,0.0,0.0,0
2016-08-25,1055.0,1057.6,1032.1,1036.9,1036.15,1041.32,2398281.0,249738978635000.0,67028.0,1496593.0,0.624,1.0,1.0,0.0,0
2016-08-26,1036.0,1046.0,1017.05,1019.7,1020.25,1028.03,3440527.0,353695721315000.0,144271.0,2349851.0,0.6829999999999999,1.0,0.0,0.0,0
2016-08-27,0.0,0.0,0.0,0.0,0.0,0.0,0.0,0.0,0.0,0.0,0.0,0.0,0.0,0.0,1
2016-08-28,0.0,0.0,0.0,0.0,0.0,0.0,0.0,0.0,0.0,0.0,0.0,0.0,0.0,0.0,1
2016-08-29,1017.6,1030.0,1011.0,1029.05,1022.8,1018.39,2610141.0,265814252315000.0,137001.0,1817146.0,0.6962,1.0,0.0,0.0,0
2016-08-30,1032.45,1045.0,1025.0,1040.25,1040.4,1035.23,2187719.0,226478551555000.03,76218.0,1290759.0,0.59,1.0,0.0,0.0,0
2016-08-31,1037.1,1045.75,1027.8,1033.85,1035.85,1037.31,5569907.0,577773267055000.0,131672.0,4051768.0,0.7273999999999999,1.0,0.0,0.0,0
2016-09-01,1038.0,1040.45,1032.0,1037.0,1037.55,1036.28,1438913.0,149111269530000.0,48366.0,926487.0,0.6439,1.0,0.0,0.0,0
2016-09-02,1039.05,1040.0,1026.2,1030.0,1031.85,1032.75,1666296.0,172087254985000.0,67456.0,1008397.0,0.6052000000000001,1.0,0.0,0.0,0
2016-09-03,0.0,0.0,0.0,0.0,0.0,0.0,0.0,0.0,0.0,0.0,0.0,0.0,0.0,0.0,1
2016-09-04,0.0,0.0,0.0,0.0,0.0,0.0,0.0,0.0,0.0,0.0,0.0,0.0,0.0,0.0,1
2016-09-05,0.0,0.0,0.0,0.0,0.0,0.0,0.0,0.0,0.0,0.0,0.0,0.0,0.0,0.0,1
2016-09-06,1038.25,1048.9,1035.6,1046.0,1045.0,1044.9,4107522.0,429196846015000.0,105919.0,3330973.0,0.8109000000000001,1.0,0.0,0.0,0
2016-09-07,1048.0,1059.0,1044.0,1049.85,1054.35,1052.97,3712735.0,390939315700000.0,103327.0,2868961.0,0.7726999999999999,1.0,0.0,0.0,0
2016-09-08,1045.0,1045.0,1024.0,1038.75,1037.65,1033.47,4546387.0,469854257325000.0,108004.0,3565670.0,0.7843000000000001,1.0,0.0,0.0,0
2016-09-09,1037.0,1041.0,1026.55,1036.0,1035.5,1033.89,2526719.0,261234398990000.0,96783.0,1745305.0,0.6907,1.0,0.0,0.0,0
2016-09-10,0.0,0.0,0.0,0.0,0.0,0.0,0.0,0.0,0.0,0.0,0.0,0.0,0.0,0.0,1
2016-09-11,0.0,0.0,0.0,0.0,0.0,0.0,0.0,0.0,0.0,0.0,0.0,0.0,0.0,0.0,1
2016-09-12,1025.25,1058.0,1025.25,1055.0,1054.0,1052.85,3101548.0,326547060655000.0,104493.0,2117204.0,0.6826000000000001,1.0,0.0,0.0,0
2016-09-13,0.0,0.0,0.0,0.0,0.0,0.0,0.0,0.0,0.0,0.0,0.0,0.0,0.0,0.0,1
2016-09-14,1053.95,1057.8,1040.65,1044.95,1045.6,1051.8,2576209.0,270965922730000.03,79152.0,1960796.0,0.7611,1.0,0.0,0.0,0
2016-09-15,1045.6,1046.8,1035.35,1044.9,1042.2,1039.1,2350861.0,244278087380000.03,53602.0,1601228.0,0.6811,0.0,0.0,0.0,0
2016-09-16,1049.0,1064.5,1038.1,1055.65,1060.15,1054.92,4974692.0,524789972835000.06,98707.0,4033043.0,0.8107,1.0,0.0,0.0,0
2016-09-17,0.0,0.0,0.0,0.0,0.0,0.0,0.0,0.0,0.0,0.0,0.0,0.0,0.0,0.0,1
2016-09-18,0.0,0.0,0.0,0.0,0.0,0.0,0.0,0.0,0.0,0.0,0.0,0.0,0.0,0.0,1
2016-09-19,1046.0,1068.9,1041.35,1060.6,1061.2,1061.6,2904577.0,308348888805000.0,70094.0,1965062.0,0.6765000000000001,1.0,0.0,0.0,0
2016-09-20,1053.3,1057.15,1045.75,1052.0,1050.15,1049.18,2107002.0,221061565630000.03,90429.0,1581481.0,0.7506,1.0,0.0,0.0,0
2016-09-21,1054.0,1061.25,1051.05,1057.4,1055.75,1056.37,2115766.0,223503919755000.03,68813.0,1550422.0,0.7328,0.0,0.0,0.0,0
2016-09-22,1059.0,1061.0,1052.0,1061.0,1058.8,1057.37,1814757.0,191886165410000.0,80240.0,1323050.0,0.7291,1.0,0.0,0.0,0
2016-09-23,1057.0,1058.8,1040.0,1041.0,1042.55,1048.92,2602647.0,272996027105000.03,57629.0,2018660.0,0.7756000000000001,1.0,0.0,0.0,0
2016-09-24,0.0,0.0,0.0,0.0,0.0,0.0,0.0,0.0,0.0,0.0,0.0,0.0,0.0,0.0,1
2016-09-25,0.0,0.0,0.0,0.0,0.0,0.0,0.0,0.0,0.0,0.0,0.0,0.0,0.0,0.0,1
2016-09-26,1042.75,1044.0,1031.0,1036.05,1035.9,1035.98,3185899.0,330051505375000.0,80536.0,2494365.0,0.7829,1.0,0.0,0.0,0
2016-09-27,1035.05,1049.9,1033.35,1043.0,1039.75,1042.58,3262830.0,340174899790000.0,62988.0,2337001.0,0.7162000000000001,0.0,0.0,0.0,0
2016-09-28,1040.0,1042.3,1033.25,1037.9,1038.95,1037.88,2717354.0,282029818240000.0,45609.0,2215443.0,0.8153,1.0,0.0,0.0,0
2016-09-29,1044.95,1044.95,1024.0,1035.2,1029.2,1031.41,4451319.0,459111967370000.0,79293.0,2905819.0,0.6528,1.0,0.0,0.0,0
2016-09-30,1031.1,1043.9,1031.1,1033.8,1036.05,1039.62,3251177.0,337998989130000.0,66361.0,2579919.0,0.7935,1.0,0.0,0.0,0
2016-10-01,0.0,0.0,0.0,0.0,0.0,0.0,0.0,0.0,0.0,0.0,0.0,0.0,0.0,0.0,1
2016-10-02,0.0,0.0,0.0,0.0,0.0,0.0,0.0,0.0,0.0,0.0,0.0,0.0,0.0,0.0,1
2016-10-03,1035.5,1040.0,1026.1,1039.55,1038.1,1034.46,1828080.0,189107415385000.0,64407.0,1242878.0,0.6799,1.0,0.0,0.0,0
2016-10-04,1040.0,1051.4,1038.3,1049.0,1049.2,1044.6,2533293.0,264627489925000.0,53736.0,1968217.0,0.7769,1.0,0.0,0.0,0
2016-10-05,1049.2,1049.85,1037.0,1040.7,1041.5,1041.28,1153787.0,120141256430000.0,49296.0,780315.0,0.6763,1.0,0.0,0.0,0
2016-10-06,1045.0,1045.0,1025.95,1027.0,1027.4,1029.49,1860941.0,191581156560000.0,82909.0,1389940.0,0.7469,1.0,0.0,0.0,0
2016-10-07,1029.95,1033.8,1010.1,1011.0,1012.55,1016.9,3144279.0,319741100570000.0,134156.0,2388826.0,0.7597,1.0,0.0,0.0,0
2016-10-08,0.0,0.0,0.0,0.0,0.0,0.0,0.0,0.0,0.0,0.0,0.0,0.0,0.0,0.0,1
2016-10-09,0.0,0.0,0.0,0.0,0.0,0.0,0.0,0.0,0.0,0.0,0.0,0.0,0.0,0.0,1
2016-10-10,1017.0,1031.75,1010.0,1031.0,1029.95,1023.64,2706585.0,277055929680000.03,64262.0,1830335.0,0.6763,1.0,0.0,0.0,0
2016-10-11,0.0,0.0,0.0,0.0,0.0,0.0,0.0,0.0,0.0,0.0,0.0,0.0,0.0,0.0,1
2016-10-12,0.0,0.0,0.0,0.0,0.0,0.0,0.0,0.0,0.0,0.0,0.0,0.0,0.0,0.0,1
2016-10-13,1021.4,1058.0,1021.4,1050.0,1052.35,1048.53,4889345.0,512661616430000.0,144394.0,3168398.0,0.648,1.0,1.0,0.0,0
2016-10-14,1052.9,1082.7,996.25,1025.7,1027.15,1035.98,16730845.0,1733286611415000.2,374818.0,5583591.0,0.3337,1.0,1.0,0.0,0
2016-10-15,0.0,0.0,0.0,0.0,0.0,0.0,0.0,0.0,0.0,0.0,0.0,0.0,0.0,0.0,1
2016-10-16,0.0,0.0,0.0,0.0,0.0,0.0,0.0,0.0,0.0,0.0,0.0,0.0,0.0,0.0,1
2016-10-17,1034.95,1041.8,1017.35,1025.15,1022.4,1028.56,4007429.0,412189231280000.0,74006.0,2741592.0,0.6840999999999999,1.0,0.0,0.0,0
2016-10-18,1030.0,1040.5,1027.3,1039.0,1039.05,1033.41,3194067.0,330078147360000.0,64906.0,2544497.0,0.7966,1.0,0.0,0.0,0
2016-10-19,1042.0,1045.7,1036.0,1041.4,1041.8,1042.05,1754918.0,182872011240000.0,46788.0,909872.0,0.5185000000000001,1.0,0.0,0.0,0
2016-10-20,1044.75,1050.7,1033.8,1038.0,1036.65,1039.45,1767745.0,183749021030000.0,53760.0,1207937.0,0.6833,0.0,0.0,0.0,0
2016-10-21,1035.0,1041.0,1022.5,1037.5,1038.3,1036.08,1931810.0,200151544330000.0,59548.0,1320286.0,0.6834,0.0,0.0,0.0,0
2016-10-22,0.0,0.0,0.0,0.0,0.0,0.0,0.0,0.0,0.0,0.0,0.0,0.0,0.0,0.0,1
2016-10-23,0.0,0.0,0.0,0.0,0.0,0.0,0.0,0.0,0.0,0.0,0.0,0.0,0.0,0.0,1
2016-10-24,1037.5,1042.7,1025.5,1027.6,1027.1,1030.31,1451487.0,149547800975000.0,44094.0,999233.0,0.6884,1.0,0.0,0.0,0
2016-10-25,1036.5,1038.9,1015.2,1017.35,1017.2,1022.44,2818007.0,288123344315000.0,80752.0,2245440.0,0.7968000000000001,1.0,0.0,0.0,0
2016-10-26,1017.0,1019.85,1009.3,1013.2,1014.2,1013.36,1387608.0,140614259409999.98,49773.0,849568.0,0.6123,1.0,0.0,0.0,0
2016-10-27,1017.9,1017.95,1001.1,1004.5,1003.5,1007.07,3613895.0,363945289135000.0,103905.0,2712276.0,0.7505,1.0,0.0,0.0,0
2016-10-28,1005.2,1010.0,993.15,997.0,997.5,998.54,2920353.0,291607894185000.0,76622.0,1795489.0,0.6148,1.0,0.0,0.0,0
2016-10-29,0.0,0.0,0.0,0.0,0.0,0.0,0.0,0.0,0.0,0.0,0.0,0.0,0.0,0.0,1
2016-10-30,1001.0,1005.95,999.8,1002.4,1002.1,1002.14,319036.0,31971826070000.0,14192.0,195978.0,0.6143,1.0,0.0,0.0,0
2016-10-31,0.0,0.0,0.0,0.0,0.0,0.0,0.0,0.0,0.0,0.0,0.0,0.0,0.0,0.0,1
2016-11-01,1006.8,1006.8,986.4,990.4,989.45,992.37,3166399.0,314223732500000.0,126304.0,2375242.0,0.7501000000000001,1.0,0.0,0.0,0
2016-11-02,984.8,987.5,980.0,980.5,981.05,982.57,2688597.0,264172381865000.0,105692.0,1792927.0,0.6668999999999999,1.0,0.0,0.0,0
2016-11-03,981.05,982.0,965.1,968.0,966.85,970.25,2612554.0,253483411694999.97,132420.0,1949956.0,0.7464000000000001,0.0,0.0,0.0,0
2016-11-04,967.0,979.2,961.0,971.0,971.0,970.61,3002774.0,291452970925000.0,123012.0,2085301.0,0.6945,1.0,0.0,0.0,0
2016-11-05,0.0,0.0,0.0,0.0,0.0,0.0,0.0,0.0,0.0,0.0,0.0,0.0,0.0,0.0,1
2016-11-06,0.0,0.0,0.0,0.0,0.0,0.0,0.0,0.0,0.0,0.0,0.0,0.0,0.0,0.0,1
2016-11-07,985.0,986.0,975.0,978.95,977.95,980.47,2268836.0,222453561794999.97,62718.0,1620084.0,0.7141,1.0,0.0,0.0,0
2016-11-08,986.9,987.75,970.6,982.6,982.6,979.56,2630554.0,257677848100000.0,75639.0,1875977.0,0.7131000000000001,1.0,0.0,0.0,0
2016-11-09,930.0,974.6,901.0,963.0,958.3,950.89,6382079.0,606865739305000.0,150348.0,3668267.0,0.5748,1.0,1.0,0.0,0
2016-11-10,962.5,962.5,935.0,946.0,939.4,944.17,3643665.0,344023624640000.0,110042.0,2280848.0,0.626,1.0,1.0,0.0,0
2016-11-11,940.0,945.0,918.7,921.9,921.55,927.27,3548391.0,329031752540000.0,91104.0,2379688.0,0.6706000000000001,0.0,0.0,0.0,0
2016-11-12,0.0,0.0,0.0,0.0,0.0,0.0,0.0,0.0,0.0,0.0,0.0,0.0,0.0,0.0,1
2016-11-13,0.0,0.0,0.0,0.0,0.0,0.0,0.0,0.0,0.0,0.0,0.0,0.0,0.0,0.0,1
2016-11-14,0.0,0.0,0.0,0.0,0.0,0.0,0.0,0.0,0.0,0.0,0.0,0.0,0.0,0.0,1
2016-11-15,924.0,939.95,908.55,917.6,923.55,924.7,4617925.0,427017316875000.0,290307.0,3271877.0,0.7084999999999999,1.0,0.0,0.0,0
2016-11-16,930.0,956.85,928.55,935.4,940.9,946.16,6111308.0,578226925870000.0,177387.0,4518704.0,0.7394,1.0,0.0,0.0,0
2016-11-17,934.25,949.0,926.4,928.0,929.8,938.14,2853365.0,267684519135000.0,117685.0,1882131.0,0.6596,1.0,0.0,0.0,0
2016-11-18,930.0,933.25,917.5,918.0,920.0,925.99,3020114.0,279660272900000.0,121639.0,2240830.0,0.742,0.0,0.0,0.0,0
2016-11-19,0.0,0.0,0.0,0.0,0.0,0.0,0.0,0.0,0.0,0.0,0.0,0.0,0.0,0.0,1
2016-11-20,0.0,0.0,0.0,0.0,0.0,0.0,0.0,0.0,0.0,0.0,0.0,0.0,0.0,0.0,1
2016-11-21,926.9,926.9,906.95,914.0,911.1,918.76,3970284.0,364774338225000.0,129057.0,3044568.0,0.7668,1.0,0.0,0.0,0
2016-11-22,916.9,928.65,911.65,914.85,914.2,918.14,2741563.0,251712960800000.0,106048.0,2006559.0,0.7319,1.0,0.0,0.0,0
2016-11-23,922.1,922.9,912.45,921.0,920.25,918.81,4125893.0,379092274585000.0,130883.0,3540359.0,0.8581000000000001,1.0,0.0,0.0,0
2016-11-24,928.2,939.9,923.3,930.0,930.3,931.71,8390322.0,781731431355000.0,131479.0,7064694.0,0.8420000000000001,1.0,0.0,0.0,0
2016-11-25,930.45,985.0,930.45,974.7,977.5,971.84,6315690.0,613781460095000.0,206134.0,3658597.0,0.5793,1.0,1.0,0.0,0
2016-11-26,0.0,0.0,0.0,0.0,0.0,0.0,0.0,0.0,0.0,0.0,0.0,0.0,0.0,0.0,1
2016-11-27,0.0,0.0,0.0,0.0,0.0,0.0,0.0,0.0,0.0,0.0,0.0,0.0,0.0,0.0,1
2016-11-28,979.3,983.45,970.6,978.05,979.75,978.12,3682856.0,360226799125000.0,114279.0,2635667.0,0.7156999999999999,1.0,0.0,0.0,0
2016-11-29,978.8,984.7,967.1,973.45,972.6,976.81,3062753.0,299171783720000.0,84322.0,2280029.0,0.7444,1.0,0.0,0.0,0
2016-11-30,973.0,977.0,961.05,974.05,975.55,973.42,4250459.0,413747411955000.0,99676.0,2430712.0,0.5719,1.0,0.0,0.0,0
2016-12-01,976.0,983.55,967.0,974.95,975.6,974.84,2305795.0,224777769444999.97,68019.0,1555051.0,0.6744,1.0,0.0,0.0,0
2016-12-02,964.8,969.6,961.1,963.0,964.5,966.01,2226614.0,215094126650000.0,130557.0,1576117.0,0.7079000000000001,0.0,0.0,0.0,0
2016-12-03,0.0,0.0,0.0,0.0,0.0,0.0,0.0,0.0,0.0,0.0,0.0,0.0,0.0,0.0,1
2016-12-04,0.0,0.0,0.0,0.0,0.0,0.0,0.0,0.0,0.0,0.0,0.0,0.0,0.0,0.0,1
2016-12-05,965.9,968.6,958.0,961.0,961.65,961.83,1829788.0,175994418150000.0,57931.0,1226781.0,0.6704000000000001,1.0,0.0,0.0,0
2016-12-06,961.8,979.5,961.65,968.55,966.5,971.03,1781055.0,172946284955000.0,64774.0,1240008.0,0.6962,0.0,0.0,0.0,0
2016-12-07,968.0,973.0,960.2,966.7,966.4,967.48,1692990.0,163793431885000.0,77351.0,1096672.0,0.6478,0.0,0.0,0.0,0
2016-12-08,970.05,986.1,970.05,985.0,984.65,983.22,2970831.0,292097761320000.0,83482.0,2385393.0,0.8029000000000001,1.0,0.0,0.0,0
2016-12-09,985.0,1008.15,981.5,986.0,989.35,995.37,4324192.0,430414991089999.94,121111.0,3195753.0,0.7390000000000001,1.0,0.0,0.0,0
2016-12-10,0.0,0.0,0.0,0.0,0.0,0.0,0.0,0.0,0.0,0.0,0.0,0.0,0.0,0.0,1
2016-12-11,0.0,0.0,0.0,0.0,0.0,0.0,0.0,0.0,0.0,0.0,0.0,0.0,0.0,0.0,1
2016-12-12,982.8,982.8,965.2,978.0,977.35,972.86,2672510.0,259998262644999.97,74619.0,1834356.0,0.6864,1.0,0.0,0.0,0
2016-12-13,980.5,992.85,971.1,987.5,990.2,983.95,2427141.0,238817569690000.0,71109.0,1818280.0,0.7491,1.0,0.0,0.0,0
2016-12-14,991.0,1004.95,984.1,999.0,999.75,996.89,2691307.0,268293945185000.0,63665.0,1754716.0,0.652,0.0,0.0,0.0,0
2016-12-15,997.4,1018.95,989.0,992.4,992.35,1007.8,3983208.0,401428972800000.0,107209.0,2587459.0,0.6496,1.0,0.0,0.0,0
2016-12-16,1003.8,1009.7,997.75,1004.45,1005.15,1004.24,3218371.0,323200224560000.0,93462.0,2410099.0,0.7489,1.0,0.0,0.0,0
2016-12-17,0.0,0.0,0.0,0.0,0.0,0.0,0.0,0.0,0.0,0.0,0.0,0.0,0.0,0.0,1
2016-12-18,0.0,0.0,0.0,0.0,0.0,0.0,0.0,0.0,0.0,0.0,0.0,0.0,0.0,0.0,1
2016-12-19,1006.1,1008.25,994.1,1005.0,1004.65,1000.85,2062067.0,206382124465000.0,52933.0,1578575.0,0.7655,1.0,0.0,0.0,0
2016-12-20,1002.0,1019.0,1001.3,1013.5,1012.15,1012.54,3818249.0,386613666785000.0,121711.0,2841078.0,0.7441,1.0,0.0,0.0,0
2016-12-21,1016.0,1022.0,998.25,1002.5,1001.55,1011.82,3671988.0,371540642840000.0,85526.0,2560729.0,0.6973999999999999,0.0,0.0,0.0,0
2016-12-22,1002.5,1007.0,969.5,986.0,984.7,987.93,3530027.0,348740962985000.0,109425.0,2137110.0,0.6054,0.0,0.0,0.0,0
2016-12-23,984.9,1006.6,973.6,988.25,988.45,989.92,3653018.0,361621197435000.0,87394.0,2010219.0,0.5503,0.0,0.0,0.0,0
2016-12-24,0.0,0.0,0.0,0.0,0.0,0.0,0.0,0.0,0.0,0.0,0.0,0.0,0.0,0.0,1
2016-12-25,0.0,0.0,0.0,0.0,0.0,0.0,0.0,0.0,0.0,0.0,0.0,0.0,0.0,0.0,1
2016-12-26,988.0,994.0,975.1,983.35,982.75,983.28,1606914.0,158004995965000.0,47565.0,958338.0,0.5964,1.0,0.0,0.0,0
2016-12-27,982.75,1001.9,980.0,996.9,998.95,993.09,2456408.0,243942605060000.0,57508.0,1430604.0,0.5824,1.0,0.0,0.0,0
2016-12-28,1002.95,1009.8,995.0,999.0,998.5,1003.15,2738408.0,274703984530000.03,81224.0,1853359.0,0.6768000000000001,1.0,0.0,0.0,0
2016-12-29,1003.75,1008.0,988.15,990.0,992.35,997.88,3120062.0,311345167195000.0,92963.0,2303901.0,0.7384000000000001,1.0,0.0,0.0,0
2016-12-30,998.0,1012.0,992.75,1011.0,1010.6,1006.91,3633884.0,365901215560000.0,100569.0,2574459.0,0.7084999999999999,1.0,0.0,0.0,0
